UserID,Name,Email,Preferences,Gender,NumberOfAdults,NumberOfChildren,PartySize,HasChildren,FavoriteType,TotalVisits,ActivityLevel
1,Kavya,kavya@example.com,"Beaches, Historical",Female,1,0,1,0,Beach,2.0,Occasional
2,Rohan,rohan@example.com,"Nature, Adventure",Male,2,2,4,1,Adventure,2.0,Occasional
3,Kavya,kavya@example.com,"City, Historical",Female,2,0,2,0,Historical,2.0,Occasional
4,Anika,anika@example.com,"Beaches, Historical",Female,1,0,1,0,,0.0,New
5,Tanvi,tanvi@example.com,"Nature, Adventure",Female,2,2,4,1,Adventure,1.0,Occasional
6,Karan,karan@example.com,"City, Historical",Male,2,0,2,0,,0.0,New
7,Rohan,rohan@example.com,"Beaches, Historical",Male,2,1,3,1,Adventure,2.0,Occasional
8,Vivaan,vivaan@example.com,"Nature, Adventure",Male,2,2,4,1,Adventure,2.0,Occasional
9,Riya,riya@example.com,"City, Historical",Female,2,0,2,0,Adventure,3.0,Occasional
10,Rohan,rohan@example.com,"Beaches, Historical",Male,2,2,4,1,,0.0,New
11,Vivaan,vivaan@example.com,"Nature, Adventure",Male,2,2,4,1,Nature,1.0,Occasional
12,Anika,anika@example.com,"City, Historical",Female,1,1,2,1,,0.0,New
13,Dhruv,dhruv@example.com,"Beaches, Historical",Male,1,2,3,1,Adventure,3.0,Occasional
14,Meera,meera@example.com,"Nature, Adventure",Female,2,2,4,1,,0.0,New
15,Karan,karan@example.com,"City, Historical",Male,1,2,3,1,Historical,3.0,Occasional
16,Anika,anika@example.com,"Beaches, Historical",Female,1,2,3,1,Adventure,3.0,Occasional
17,Aanya,aanya@example.com,"Nature, Adventure",Female,1,2,3,1,Adventure,2.0,Occasional
18,Vivaan,vivaan@example.com,"City, Historical",Male,1,0,1,0,Beach,2.0,Occasional
19,Aanya,aanya@example.com,"Beaches, Historical",Female,1,2,3,1,,0.0,New
20,Meera,meera@example.com,"Nature, Adventure",Female,2,0,2,0,Historical,2.0,Occasional
21,Dhruv,dhruv@example.com,"City, Historical",Male,1,0,1,0,Nature,1.0,Occasional
22,Arjun,arjun@example.com,"Beaches, Historical",Male,2,1,3,1,,0.0,New
23,Arjun,arjun@example.com,"Nature, Adventure",Male,2,1,3,1,Adventure,1.0,Occasional
24,Karan,karan@example.com,"City, Historical",Male,1,2,3,1,Beach,1.0,Occasional
25,Diya,diya@example.com,"Beaches, Historical",Female,1,1,2,1,,0.0,New
26,Dhruv,dhruv@example.com,"Nature, Adventure",Male,2,0,2,0,Beach,1.0,Occasional
27,Diya,diya@example.com,"City, Historical",Female,2,2,4,1,Adventure,2.0,Occasional
28,Riya,riya@example.com,"Beaches, Historical",Female,2,1,3,1,,0.0,New
29,Diya,diya@example.com,"Nature, Adventure",Female,2,0,2,0,Adventure,1.0,Occasional
30,Riya,riya@example.com,"City, Historical",Female,1,1,2,1,Nature,1.0,Occasional
31,Ritvik,ritvik@example.com,"Beaches, Historical",Male,2,2,4,1,,0.0,New
32,Anika,anika@example.com,"Nature, Adventure",Female,1,1,2,1,,0.0,New
33,Ritvik,ritvik@example.com,"City, Historical",Male,2,2,4,1,City,1.0,Occasional
34,Meera,meera@example.com,"Beaches, Historical",Female,1,2,3,1,Adventure,3.0,Occasional
35,Rohan,rohan@example.com,"Nature, Adventure",Male,2,1,3,1,Beach,3.0,Occasional
36,Arjun,arjun@example.com,"City, Historical",Male,2,2,4,1,,0.0,New
37,Aarav,aarav@example.com,"Beaches, Historical",Male,1,2,3,1,Nature,1.0,Occasional
38,Anika,anika@example.com,"Nature, Adventure",Female,2,2,4,1,,0.0,New
39,Vivaan,vivaan@example.com,"City, Historical",Male,2,2,4,1,,0.0,New
40,Aditya,aditya@example.com,"Beaches, Historical",Male,1,1,2,1,Nature,1.0,Occasional
41,Vivaan,vivaan@example.com,"Nature, Adventure",Male,1,2,3,1,,0.0,New
42,Riya,riya@example.com,"City, Historical",Female,2,2,4,1,City,4.0,Regular
43,Riya,riya@example.com,"Beaches, Historical",Female,1,2,3,1,Adventure,1.0,Occasional
44,Arjun,arjun@example.com,"Nature, Adventure",Male,2,2,4,1,Adventure,2.0,Occasional
45,Tanvi,tanvi@example.com,"City, Historical",Female,2,0,2,0,Adventure,2.0,Occasional
46,Anika,anika@example.com,"Beaches, Historical",Female,2,1,3,1,Beach,1.0,Occasional
47,Meera,meera@example.com,"Nature, Adventure",Female,2,1,3,1,,0.0,New
48,Dhruv,dhruv@example.com,"City, Historical",Male,2,0,2,0,,0.0,New
49,Ishaan,ishaan@example.com,"Beaches, Historical",Male,1,1,2,1,,0.0,New
50,Pooja,pooja@example.com,"Nature, Adventure",Female,2,0,2,0,Nature,3.0,Occasional
51,Aarav,aarav@example.com,"City, Historical",Male,1,1,2,1,Historical,1.0,Occasional
52,Diya,diya@example.com,"Beaches, Historical",Female,2,1,3,1,,0.0,New
53,Dhruv,dhruv@example.com,"Nature, Adventure",Male,2,2,4,1,City,1.0,Occasional
54,Dhruv,dhruv@example.com,"City, Historical",Male,2,0,2,0,City,1.0,Occasional
55,Aanya,aanya@example.com,"Beaches, Historical",Female,2,0,2,0,City,2.0,Occasional
56,Aditya,aditya@example.com,"Nature, Adventure",Male,1,1,2,1,Beach,1.0,Occasional
57,Aarav,aarav@example.com,"City, Historical",Male,2,0,2,0,,0.0,New
58,Aarav,aarav@example.com,"Beaches, Historical",Male,1,2,3,1,,0.0,New
59,Arjun,arjun@example.com,"Nature, Adventure",Male,1,1,2,1,City,1.0,Occasional
60,Hitesh,hitesh@example.com,"City, Historical",Male,2,1,3,1,Adventure,2.0,Occasional
61,Dhruv,dhruv@example.com,"Beaches, Historical",Male,2,2,4,1,Nature,1.0,Occasional
62,Aarav,aarav@example.com,"Nature, Adventure",Male,1,0,1,0,,0.0,New
63,Arjun,arjun@example.com,"City, Historical",Male,2,0,2,0,Adventure,2.0,Occasional
64,Vivaan,vivaan@example.com,"Beaches, Historical",Male,1,1,2,1,,0.0,New
65,Pooja,pooja@example.com,"Nature, Adventure",Female,2,1,3,1,Beach,3.0,Occasional
66,Aarav,aarav@example.com,"City, Historical",Male,1,2,3,1,,0.0,New
67,Tanvi,tanvi@example.com,"Beaches, Historical",Female,1,0,1,0,Adventure,2.0,Occasional
68,Rohan,rohan@example.com,"Nature, Adventure",Male,1,0,1,0,,0.0,New
69,Arjun,arjun@example.com,"City, Historical",Male,1,0,1,0,Adventure,2.0,Occasional
70,Rohan,rohan@example.com,"Beaches, Historical",Male,1,2,3,1,Historical,1.0,Occasional
71,Kavya,kavya@example.com,"Nature, Adventure",Female,2,2,4,1,Adventure,1.0,Occasional
72,Aarav,aarav@example.com,"City, Historical",Male,2,1,3,1,Nature,1.0,Occasional
73,Aanya,aanya@example.com,"Beaches, Historical",Female,1,1,2,1,Adventure,1.0,Occasional
74,Hitesh,hitesh@example.com,"Nature, Adventure",Male,1,1,2,1,Historical,1.0,Occasional
75,Rohan,rohan@example.com,"City, Historical",Male,1,1,2,1,,0.0,New
76,Anika,anika@example.com,"Beaches, Historical",Female,2,0,2,0,Adventure,2.0,Occasional
77,Arjun,arjun@example.com,"Nature, Adventure",Male,2,0,2,0,City,1.0,Occasional
78,Aditya,aditya@example.com,"City, Historical",Male,1,0,1,0,Historical,2.0,Occasional
79,Dhruv,dhruv@example.com,"Beaches, Historical",Male,2,0,2,0,City,1.0,Occasional
80,Diya,diya@example.com,"Nature, Adventure",Female,1,2,3,1,City,3.0,Occasional
81,Isha,isha@example.com,"City, Historical",Female,1,2,3,1,Adventure,1.0,Occasional
82,Ishaan,ishaan@example.com,"Beaches, Historical",Male,2,0,2,0,Adventure,1.0,Occasional
83,Tanvi,tanvi@example.com,"Nature, Adventure",Female,1,1,2,1,,0.0,New
84,Meera,meera@example.com,"City, Historical",Female,2,0,2,0,,0.0,New
85,Saanvi,saanvi@example.com,"Beaches, Historical",Female,2,1,3,1,,0.0,New
86,Karan,karan@example.com,"Nature, Adventure",Male,2,2,4,1,,0.0,New
87,Ishaan,ishaan@example.com,"City, Historical",Male,2,2,4,1,Nature,2.0,Occasional
88,Dhruv,dhruv@example.com,"Beaches, Historical",Male,2,1,3,1,City,2.0,Occasional
89,Karan,karan@example.com,"Nature, Adventure",Male,2,0,2,0,,0.0,New
90,Isha,isha@example.com,"City, Historical",Female,1,0,1,0,,0.0,New
91,Ishaan,ishaan@example.com,"Beaches, Historical",Male,2,1,3,1,City,2.0,Occasional
92,Tanvi,tanvi@example.com,"Nature, Adventure",Female,2,0,2,0,Beach,2.0,Occasional
93,Meera,meera@example.com,"City, Historical",Female,1,0,1,0,Adventure,3.0,Occasional
94,Rohan,rohan@example.com,"Beaches, Historical",Male,1,2,3,1,Adventure,1.0,Occasional
95,Kavya,kavya@example.com,"Nature, Adventure",Female,2,1,3,1,Beach,1.0,Occasional
96,Aarav,aarav@example.com,"City, Historical",Male,1,0,1,0,,0.0,New
97,Dhruv,dhruv@example.com,"Beaches, Historical",Male,1,2,3,1,,0.0,New
98,Arjun,arjun@example.com,"Nature, Adventure",Male,2,0,2,0,Beach,2.0,Occasional
99,Ishaan,ishaan@example.com,"City, Historical",Male,2,0,2,0,Beach,1.0,Occasional
100,Tanvi,tanvi@example.com,"Beaches, Historical",Female,1,1,2,1,City,1.0,Occasional
101,Aanya,aanya@example.com,"Nature, Adventure",Female,2,0,2,0,Beach,2.0,Occasional
102,Tanvi,tanvi@example.com,"City, Historical",Female,1,2,3,1,Historical,2.0,Occasional
103,Aanya,aanya@example.com,"Beaches, Historical",Female,1,0,1,0,City,1.0,Occasional
104,Ishaan,ishaan@example.com,"Nature, Adventure",Male,2,1,3,1,Adventure,1.0,Occasional
105,Rohan,rohan@example.com,"City, Historical",Male,1,0,1,0,,0.0,New
106,Ishaan,ishaan@example.com,"Beaches, Historical",Male,1,0,1,0,Adventure,2.0,Occasional
107,Riya,riya@example.com,"Nature, Adventure",Female,1,1,2,1,Adventure,1.0,Occasional
108,Aarav,aarav@example.com,"City, Historical",Male,2,0,2,0,Beach,1.0,Occasional
109,Meera,meera@example.com,"Beaches, Historical",Female,2,0,2,0,Adventure,1.0,Occasional
110,Anika,anika@example.com,"Nature, Adventure",Female,1,1,2,1,,0.0,New
111,Hitesh,hitesh@example.com,"City, Historical",Male,2,0,2,0,,0.0,New
112,Karan,karan@example.com,"Beaches, Historical",Male,1,2,3,1,Historical,1.0,Occasional
113,Aditya,aditya@example.com,"Nature, Adventure",Male,1,0,1,0,,0.0,New
114,Hitesh,hitesh@example.com,"City, Historical",Male,1,0,1,0,Adventure,1.0,Occasional
115,Meera,meera@example.com,"Beaches, Historical",Female,1,1,2,1,Adventure,1.0,Occasional
116,Arjun,arjun@example.com,"Nature, Adventure",Male,1,1,2,1,,0.0,New
117,Aarav,aarav@example.com,"City, Historical",Male,2,1,3,1,Historical,2.0,Occasional
118,Arjun,arjun@example.com,"Beaches, Historical",Male,1,1,2,1,,0.0,New
119,Ritvik,ritvik@example.com,"Nature, Adventure",Male,2,0,2,0,Beach,1.0,Occasional
120,Rohan,rohan@example.com,"City, Historical",Male,1,2,3,1,,0.0,New
121,Isha,isha@example.com,"Beaches, Historical",Female,2,2,4,1,Adventure,2.0,Occasional
122,Ishaan,ishaan@example.com,"Nature, Adventure",Male,2,2,4,1,City,1.0,Occasional
123,Diya,diya@example.com,"City, Historical",Female,2,1,3,1,Beach,3.0,Occasional
124,Rohan,rohan@example.com,"Beaches, Historical",Male,2,0,2,0,Historical,1.0,Occasional
125,Diya,diya@example.com,"Nature, Adventure",Female,2,0,2,0,,0.0,New
126,Isha,isha@example.com,"City, Historical",Female,1,0,1,0,City,1.0,Occasional
127,Diya,diya@example.com,"Beaches, Historical",Female,2,2,4,1,City,1.0,Occasional
128,Rohan,rohan@example.com,"Nature, Adventure",Male,2,2,4,1,Adventure,1.0,Occasional
129,Aarav,aarav@example.com,"City, Historical",Male,2,1,3,1,Adventure,3.0,Occasional
130,Arjun,arjun@example.com,"Beaches, Historical",Male,2,2,4,1,,0.0,New
131,Riya,riya@example.com,"Nature, Adventure",Female,1,2,3,1,,0.0,New
132,Meera,meera@example.com,"City, Historical",Female,2,2,4,1,Beach,2.0,Occasional
133,Ritvik,ritvik@example.com,"Beaches, Historical",Male,2,2,4,1,Beach,1.0,Occasional
134,Anika,anika@example.com,"Nature, Adventure",Female,1,0,1,0,,0.0,New
135,Meera,meera@example.com,"City, Historical",Female,1,2,3,1,City,2.0,Occasional
136,Arjun,arjun@example.com,"Beaches, Historical",Male,2,2,4,1,,0.0,New
137,Tanvi,tanvi@example.com,"Nature, Adventure",Female,1,2,3,1,Adventure,1.0,Occasional
138,Aanya,aanya@example.com,"City, Historical",Female,1,2,3,1,,0.0,New
139,Aditya,aditya@example.com,"Beaches, Historical",Male,1,2,3,1,,0.0,New
140,Meera,meera@example.com,"Nature, Adventure",Female,1,2,3,1,,0.0,New
141,Meera,meera@example.com,"City, Historical",Female,2,1,3,1,Beach,1.0,Occasional
142,Dhruv,dhruv@example.com,"Beaches, Historical",Male,2,1,3,1,,0.0,New
143,Aarav,aarav@example.com,"Nature, Adventure",Male,1,0,1,0,Nature,1.0,Occasional
144,Isha,isha@example.com,"City, Historical",Female,1,1,2,1,,0.0,New
145,Ritvik,ritvik@example.com,"Beaches, Historical",Male,2,0,2,0,,0.0,New
146,Meera,meera@example.com,"Nature, Adventure",Female,1,1,2,1,Nature,1.0,Occasional
147,Riya,riya@example.com,"City, Historical",Female,2,1,3,1,,0.0,New
148,Rohan,rohan@example.com,"Beaches, Historical",Male,2,1,3,1,Historical,3.0,Occasional
149,Ishaan,ishaan@example.com,"Nature, Adventure",Male,2,0,2,0,,0.0,New
150,Aarav,aarav@example.com,"City, Historical",Male,2,0,2,0,,0.0,New
151,Isha,isha@example.com,"Beaches, Historical",Female,1,1,2,1,,0.0,New
152,Rohan,rohan@example.com,"Nature, Adventure",Male,1,1,2,1,,0.0,New
153,Meera,meera@example.com,"City, Historical",Female,1,0,1,0,Adventure,2.0,Occasional
154,Kavya,kavya@example.com,"Beaches, Historical",Female,2,0,2,0,,0.0,New
155,Vivaan,vivaan@example.com,"Nature, Adventure",Male,1,1,2,1,Beach,1.0,Occasional
156,Anika,anika@example.com,"City, Historical",Female,2,1,3,1,,0.0,New
157,Meera,meera@example.com,"Beaches, Historical",Female,2,1,3,1,,0.0,New
158,Ishaan,ishaan@example.com,"Nature, Adventure",Male,2,1,3,1,Beach,2.0,Occasional
159,Ishaan,ishaan@example.com,"City, Historical",Male,1,0,1,0,Beach,1.0,Occasional
160,Aanya,aanya@example.com,"Beaches, Historical",Female,2,2,4,1,Historical,1.0,Occasional
161,Meera,meera@example.com,"Nature, Adventure",Female,1,0,1,0,,0.0,New
162,Aditya,aditya@example.com,"City, Historical",Male,1,0,1,0,,0.0,New
163,Diya,diya@example.com,"Beaches, Historical",Female,2,2,4,1,City,1.0,Occasional
164,Vivaan,vivaan@example.com,"Nature, Adventure",Male,1,2,3,1,,0.0,New
165,Arjun,arjun@example.com,"City, Historical",Male,2,0,2,0,Nature,1.0,Occasional
166,Hitesh,hitesh@example.com,"Beaches, Historical",Male,2,0,2,0,City,2.0,Occasional
167,Vivaan,vivaan@example.com,"Nature, Adventure",Male,1,2,3,1,,0.0,New
168,Riya,riya@example.com,"City, Historical",Female,1,2,3,1,Historical,3.0,Occasional
169,Anika,anika@example.com,"Beaches, Historical",Female,2,2,4,1,Beach,2.0,Occasional
170,Tanvi,tanvi@example.com,"Nature, Adventure",Female,1,0,1,0,,0.0,New
171,Hitesh,hitesh@example.com,"City, Historical",Male,2,1,3,1,,0.0,New
172,Dhruv,dhruv@example.com,"Beaches, Historical",Male,1,2,3,1,Historical,1.0,Occasional
173,Rohan,rohan@example.com,"Nature, Adventure",Male,2,1,3,1,,0.0,New
174,Hitesh,hitesh@example.com,"City, Historical",Male,1,1,2,1,Adventure,2.0,Occasional
175,Dhruv,dhruv@example.com,"Beaches, Historical",Male,2,0,2,0,,0.0,New
176,Vivaan,vivaan@example.com,"Nature, Adventure",Male,1,0,1,0,,0.0,New
177,Karan,karan@example.com,"City, Historical",Male,2,1,3,1,Beach,2.0,Occasional
178,Pooja,pooja@example.com,"Beaches, Historical",Female,1,0,1,0,Beach,1.0,Occasional
179,Ishaan,ishaan@example.com,"Nature, Adventure",Male,1,2,3,1,,0.0,New
180,Saanvi,saanvi@example.com,"City, Historical",Female,1,2,3,1,Adventure,1.0,Occasional
181,Aarav,aarav@example.com,"Beaches, Historical",Male,2,1,3,1,Nature,1.0,Occasional
182,Ritvik,ritvik@example.com,"Nature, Adventure",Male,1,1,2,1,Beach,1.0,Occasional
183,Vivaan,vivaan@example.com,"City, Historical",Male,2,2,4,1,,0.0,New
184,Ishaan,ishaan@example.com,"Beaches, Historical",Male,1,2,3,1,Adventure,4.0,Regular
185,Meera,meera@example.com,"Nature, Adventure",Female,2,1,3,1,City,1.0,Occasional
186,Vivaan,vivaan@example.com,"City, Historical",Male,1,2,3,1,Historical,1.0,Occasional
187,Isha,isha@example.com,"Beaches, Historical",Female,1,0,1,0,Beach,1.0,Occasional
188,Kavya,kavya@example.com,"Nature, Adventure",Female,1,0,1,0,Beach,1.0,Occasional
189,Meera,meera@example.com,"City, Historical",Female,1,1,2,1,City,1.0,Occasional
190,Anika,anika@example.com,"Beaches, Historical",Female,1,0,1,0,,0.0,New
191,Karan,karan@example.com,"Nature, Adventure",Male,2,1,3,1,Nature,1.0,Occasional
192,Aarav,aarav@example.com,"City, Historical",Male,1,0,1,0,,0.0,New
193,Meera,meera@example.com,"Beaches, Historical",Female,1,0,1,0,,0.0,New
194,Aanya,aanya@example.com,"Nature, Adventure",Female,2,1,3,1,,0.0,New
195,Rohan,rohan@example.com,"City, Historical",Male,1,2,3,1,City,1.0,Occasional
196,Hitesh,hitesh@example.com,"Beaches, Historical",Male,1,1,2,1,,0.0,New
197,Anika,anika@example.com,"Nature, Adventure",Female,1,1,2,1,City,2.0,Occasional
198,Vivaan,vivaan@example.com,"City, Historical",Male,2,2,4,1,,0.0,New
199,Vivaan,vivaan@example.com,"Beaches, Historical",Male,1,0,1,0,Historical,1.0,Occasional
200,Aditya,aditya@example.com,"Nature, Adventure",Male,1,1,2,1,Historical,1.0,Occasional
201,Rohan,rohan@example.com,"City, Historical",Male,2,1,3,1,City,2.0,Occasional
202,Ishaan,ishaan@example.com,"Beaches, Historical",Male,1,1,2,1,,0.0,New
203,Isha,isha@example.com,"Nature, Adventure",Female,2,0,2,0,,0.0,New
204,Ishaan,ishaan@example.com,"City, Historical",Male,1,0,1,0,Adventure,1.0,Occasional
205,Riya,riya@example.com,"Beaches, Historical",Female,1,2,3,1,,0.0,New
206,Riya,riya@example.com,"Nature, Adventure",Female,2,1,3,1,Nature,1.0,Occasional
207,Ritvik,ritvik@example.com,"City, Historical",Male,2,2,4,1,Beach,1.0,Occasional
208,Karan,karan@example.com,"Beaches, Historical",Male,1,2,3,1,City,1.0,Occasional
209,Hitesh,hitesh@example.com,"Nature, Adventure",Male,1,1,2,1,Beach,2.0,Occasional
210,Rohan,rohan@example.com,"City, Historical",Male,1,1,2,1,Historical,1.0,Occasional
211,Anika,anika@example.com,"Beaches, Historical",Female,2,2,4,1,Nature,1.0,Occasional
212,Tanvi,tanvi@example.com,"Nature, Adventure",Female,2,0,2,0,Beach,1.0,Occasional
213,Aarav,aarav@example.com,"City, Historical",Male,1,2,3,1,Adventure,2.0,Occasional
214,Aditya,aditya@example.com,"Beaches, Historical",Male,1,0,1,0,Beach,1.0,Occasional
215,Riya,riya@example.com,"Nature, Adventure",Female,1,0,1,0,Beach,1.0,Occasional
216,Meera,meera@example.com,"City, Historical",Female,1,2,3,1,Beach,1.0,Occasional
217,Ishaan,ishaan@example.com,"Beaches, Historical",Male,1,1,2,1,City,2.0,Occasional
218,Saanvi,saanvi@example.com,"Nature, Adventure",Female,2,2,4,1,City,2.0,Occasional
219,Kavya,kavya@example.com,"City, Historical",Female,1,2,3,1,,0.0,New
220,Aanya,aanya@example.com,"Beaches, Historical",Female,2,0,2,0,City,2.0,Occasional
221,Aditya,aditya@example.com,"Nature, Adventure",Male,1,2,3,1,,0.0,New
222,Rohan,rohan@example.com,"City, Historical",Male,1,1,2,1,City,1.0,Occasional
223,Aanya,aanya@example.com,"Beaches, Historical",Female,1,2,3,1,,0.0,New
224,Ishaan,ishaan@example.com,"Nature, Adventure",Male,2,2,4,1,Nature,1.0,Occasional
225,Isha,isha@example.com,"City, Historical",Female,2,0,2,0,Nature,1.0,Occasional
226,Tanvi,tanvi@example.com,"Beaches, Historical",Female,2,1,3,1,Adventure,1.0,Occasional
227,Aditya,aditya@example.com,"Nature, Adventure",Male,1,1,2,1,,0.0,New
228,Kavya,kavya@example.com,"City, Historical",Female,1,0,1,0,Adventure,1.0,Occasional
229,Ritvik,ritvik@example.com,"Beaches, Historical",Male,2,1,3,1,,0.0,New
230,Kavya,kavya@example.com,"Nature, Adventure",Female,2,1,3,1,Beach,1.0,Occasional
231,Aanya,aanya@example.com,"City, Historical",Female,2,2,4,1,Adventure,1.0,Occasional
232,Ishaan,ishaan@example.com,"Beaches, Historical",Male,2,0,2,0,Historical,1.0,Occasional
233,Aarav,aarav@example.com,"Nature, Adventure",Male,1,1,2,1,Adventure,1.0,Occasional
234,Ritvik,ritvik@example.com,"City, Historical",Male,1,0,1,0,Beach,6.0,Regular
235,Dhruv,dhruv@example.com,"Beaches, Historical",Male,1,2,3,1,Historical,2.0,Occasional
236,Karan,karan@example.com,"Nature, Adventure",Male,2,1,3,1,,0.0,New
237,Pooja,pooja@example.com,"City, Historical",Female,2,0,2,0,,0.0,New
238,Anika,anika@example.com,"Beaches, Historical",Female,1,1,2,1,Beach,2.0,Occasional
239,Aarav,aarav@example.com,"Nature, Adventure",Male,2,0,2,0,Adventure,2.0,Occasional
240,Tanvi,tanvi@example.com,"City, Historical",Female,1,2,3,1,Adventure,2.0,Occasional
241,Diya,diya@example.com,"Beaches, Historical",Female,1,2,3,1,,0.0,New
242,Isha,isha@example.com,"Nature, Adventure",Female,2,1,3,1,Nature,1.0,Occasional
243,Saanvi,saanvi@example.com,"City, Historical",Female,1,1,2,1,,0.0,New
244,Karan,karan@example.com,"Beaches, Historical",Male,2,0,2,0,,0.0,New
245,Aarav,aarav@example.com,"Nature, Adventure",Male,2,1,3,1,,0.0,New
246,Anika,anika@example.com,"City, Historical",Female,2,2,4,1,,0.0,New
247,Pooja,pooja@example.com,"Beaches, Historical",Female,2,2,4,1,Historical,2.0,Occasional
248,Meera,meera@example.com,"Nature, Adventure",Female,1,2,3,1,,0.0,New
249,Aarav,aarav@example.com,"City, Historical",Male,1,1,2,1,,0.0,New
250,Ishaan,ishaan@example.com,"Beaches, Historical",Male,1,0,1,0,Beach,2.0,Occasional
251,Aanya,aanya@example.com,"Nature, Adventure",Female,2,2,4,1,,0.0,New
252,Arjun,arjun@example.com,"City, Historical",Male,2,2,4,1,Beach,3.0,Occasional
253,Karan,karan@example.com,"Beaches, Historical",Male,2,1,3,1,,0.0,New
254,Riya,riya@example.com,"Nature, Adventure",Female,1,1,2,1,Historical,1.0,Occasional
255,Diya,diya@example.com,"City, Historical",Female,2,1,3,1,,0.0,New
256,Hitesh,hitesh@example.com,"Beaches, Historical",Male,2,1,3,1,Beach,1.0,Occasional
257,Diya,diya@example.com,"Nature, Adventure",Female,2,0,2,0,,0.0,New
258,Hitesh,hitesh@example.com,"City, Historical",Male,2,1,3,1,Historical,1.0,Occasional
259,Vivaan,vivaan@example.com,"Beaches, Historical",Male,1,0,1,0,Historical,2.0,Occasional
260,Isha,isha@example.com,"Nature, Adventure",Female,1,0,1,0,Beach,3.0,Occasional
261,Ishaan,ishaan@example.com,"City, Historical",Male,2,2,4,1,Adventure,1.0,Occasional
262,Kavya,kavya@example.com,"Beaches, Historical",Female,2,2,4,1,Beach,1.0,Occasional
263,Ishaan,ishaan@example.com,"Nature, Adventure",Male,1,1,2,1,City,1.0,Occasional
264,Saanvi,saanvi@example.com,"City, Historical",Female,1,2,3,1,,0.0,New
265,Dhruv,dhruv@example.com,"Beaches, Historical",Male,1,0,1,0,Historical,1.0,Occasional
266,Vivaan,vivaan@example.com,"Nature, Adventure",Male,2,1,3,1,Nature,1.0,Occasional
267,Aanya,aanya@example.com,"City, Historical",Female,2,1,3,1,,0.0,New
268,Meera,meera@example.com,"Beaches, Historical",Female,1,1,2,1,Beach,1.0,Occasional
269,Aarav,aarav@example.com,"Nature, Adventure",Male,2,1,3,1,Beach,1.0,Occasional
270,Dhruv,dhruv@example.com,"City, Historical",Male,2,2,4,1,,0.0,New
271,Ritvik,ritvik@example.com,"Beaches, Historical",Male,2,1,3,1,Beach,1.0,Occasional
272,Arjun,arjun@example.com,"Nature, Adventure",Male,2,0,2,0,Nature,1.0,Occasional
273,Arjun,arjun@example.com,"City, Historical",Male,2,1,3,1,Nature,1.0,Occasional
274,Aarav,aarav@example.com,"Beaches, Historical",Male,1,2,3,1,Beach,1.0,Occasional
275,Meera,meera@example.com,"Nature, Adventure",Female,1,0,1,0,,0.0,New
276,Ritvik,ritvik@example.com,"City, Historical",Male,1,2,3,1,City,2.0,Occasional
277,Aditya,aditya@example.com,"Beaches, Historical",Male,2,2,4,1,,0.0,New
278,Ishaan,ishaan@example.com,"Nature, Adventure",Male,1,2,3,1,Nature,1.0,Occasional
279,Ishaan,ishaan@example.com,"City, Historical",Male,2,2,4,1,Nature,1.0,Occasional
280,Saanvi,saanvi@example.com,"Beaches, Historical",Female,1,1,2,1,,0.0,New
281,Aarav,aarav@example.com,"Nature, Adventure",Male,2,2,4,1,City,1.0,Occasional
282,Dhruv,dhruv@example.com,"City, Historical",Male,2,1,3,1,Nature,1.0,Occasional
283,Anika,anika@example.com,"Beaches, Historical",Female,1,1,2,1,Beach,3.0,Occasional
284,Saanvi,saanvi@example.com,"Nature, Adventure",Female,1,2,3,1,,0.0,New
285,Isha,isha@example.com,"City, Historical",Female,1,0,1,0,Beach,1.0,Occasional
286,Vivaan,vivaan@example.com,"Beaches, Historical",Male,2,2,4,1,Beach,2.0,Occasional
287,Isha,isha@example.com,"Nature, Adventure",Female,1,2,3,1,City,1.0,Occasional
288,Isha,isha@example.com,"City, Historical",Female,1,1,2,1,City,2.0,Occasional
289,Arjun,arjun@example.com,"Beaches, Historical",Male,2,1,3,1,,0.0,New
290,Riya,riya@example.com,"Nature, Adventure",Female,2,1,3,1,Nature,4.0,Regular
291,Arjun,arjun@example.com,"City, Historical",Male,2,1,3,1,Adventure,2.0,Occasional
292,Rohan,rohan@example.com,"Beaches, Historical",Male,2,2,4,1,Adventure,1.0,Occasional
293,Kavya,kavya@example.com,"Nature, Adventure",Female,1,0,1,0,Nature,2.0,Occasional
294,Aditya,aditya@example.com,"City, Historical",Male,2,0,2,0,Adventure,1.0,Occasional
295,Hitesh,hitesh@example.com,"Beaches, Historical",Male,1,0,1,0,Historical,1.0,Occasional
296,Vivaan,vivaan@example.com,"Nature, Adventure",Male,1,0,1,0,City,1.0,Occasional
297,Hitesh,hitesh@example.com,"City, Historical",Male,1,1,2,1,Nature,1.0,Occasional
298,Riya,riya@example.com,"Beaches, Historical",Female,1,2,3,1,Beach,3.0,Occasional
299,Isha,isha@example.com,"Nature, Adventure",Female,2,1,3,1,Adventure,3.0,Occasional
300,Saanvi,saanvi@example.com,"City, Historical",Female,2,1,3,1,Nature,1.0,Occasional
301,Diya,diya@example.com,"Beaches, Historical",Female,2,2,4,1,,0.0,New
302,Ishaan,ishaan@example.com,"Nature, Adventure",Male,1,2,3,1,Nature,2.0,Occasional
303,Riya,riya@example.com,"City, Historical",Female,2,2,4,1,City,2.0,Occasional
304,Hitesh,hitesh@example.com,"Beaches, Historical",Male,1,1,2,1,,0.0,New
305,Aanya,aanya@example.com,"Nature, Adventure",Female,1,0,1,0,Historical,1.0,Occasional
306,Meera,meera@example.com,"City, Historical",Female,2,1,3,1,Beach,2.0,Occasional
307,Pooja,pooja@example.com,"Beaches, Historical",Female,2,1,3,1,,0.0,New
308,Saanvi,saanvi@example.com,"Nature, Adventure",Female,2,2,4,1,Adventure,2.0,Occasional
309,Diya,diya@example.com,"City, Historical",Female,2,1,3,1,,0.0,New
310,Vivaan,vivaan@example.com,"Beaches, Historical",Male,2,0,2,0,City,1.0,Occasional
311,Diya,diya@example.com,"Nature, Adventure",Female,2,0,2,0,Adventure,1.0,Occasional
312,Ishaan,ishaan@example.com,"City, Historical",Male,1,1,2,1,,0.0,New
313,Isha,isha@example.com,"Beaches, Historical",Female,1,2,3,1,,0.0,New
314,Kavya,kavya@example.com,"Nature, Adventure",Female,2,1,3,1,,0.0,New
315,Arjun,arjun@example.com,"City, Historical",Male,2,0,2,0,City,2.0,Occasional
316,Meera,meera@example.com,"Beaches, Historical",Female,2,0,2,0,Adventure,2.0,Occasional
317,Dhruv,dhruv@example.com,"Nature, Adventure",Male,2,1,3,1,,0.0,New
318,Diya,diya@example.com,"City, Historical",Female,2,0,2,0,Beach,2.0,Occasional
319,Pooja,pooja@example.com,"Beaches, Historical",Female,2,1,3,1,City,2.0,Occasional
320,Aanya,aanya@example.com,"Nature, Adventure",Female,2,0,2,0,Adventure,2.0,Occasional
321,Tanvi,tanvi@example.com,"City, Historical",Female,2,2,4,1,Adventure,2.0,Occasional
322,Aanya,aanya@example.com,"Beaches, Historical",Female,2,0,2,0,City,2.0,Occasional
323,Rohan,rohan@example.com,"Nature, Adventure",Male,2,1,3,1,Beach,1.0,Occasional
324,Rohan,rohan@example.com,"City, Historical",Male,1,1,2,1,City,1.0,Occasional
325,Hitesh,hitesh@example.com,"Beaches, Historical",Male,1,2,3,1,Adventure,2.0,Occasional
326,Diya,diya@example.com,"Nature, Adventure",Female,1,0,1,0,Adventure,2.0,Occasional
327,Pooja,pooja@example.com,"City, Historical",Female,1,1,2,1,Adventure,1.0,Occasional
328,Saanvi,saanvi@example.com,"Beaches, Historical",Female,2,0,2,0,Beach,4.0,Regular
329,Vivaan,vivaan@example.com,"Nature, Adventure",Male,2,2,4,1,,0.0,New
330,Aanya,aanya@example.com,"City, Historical",Female,2,1,3,1,City,1.0,Occasional
331,Rohan,rohan@example.com,"Beaches, Historical",Male,1,2,3,1,City,1.0,Occasional
332,Riya,riya@example.com,"Nature, Adventure",Female,2,1,3,1,City,1.0,Occasional
333,Anika,anika@example.com,"City, Historical",Female,2,0,2,0,Adventure,1.0,Occasional
334,Rohan,rohan@example.com,"Beaches, Historical",Male,2,1,3,1,,0.0,New
335,Saanvi,saanvi@example.com,"Nature, Adventure",Female,2,2,4,1,Adventure,3.0,Occasional
336,Ritvik,ritvik@example.com,"City, Historical",Male,2,1,3,1,Beach,2.0,Occasional
337,Aarav,aarav@example.com,"Beaches, Historical",Male,2,2,4,1,,0.0,New
338,Rohan,rohan@example.com,"Nature, Adventure",Male,2,1,3,1,Historical,1.0,Occasional
339,Riya,riya@example.com,"City, Historical",Female,1,2,3,1,,0.0,New
340,Diya,diya@example.com,"Beaches, Historical",Female,1,0,1,0,Adventure,1.0,Occasional
341,Aditya,aditya@example.com,"Nature, Adventure",Male,1,1,2,1,City,2.0,Occasional
342,Hitesh,hitesh@example.com,"City, Historical",Male,1,0,1,0,Adventure,1.0,Occasional
343,Saanvi,saanvi@example.com,"Beaches, Historical",Female,2,1,3,1,City,4.0,Regular
344,Ritvik,ritvik@example.com,"Nature, Adventure",Male,2,1,3,1,Adventure,2.0,Occasional
345,Karan,karan@example.com,"City, Historical",Male,1,0,1,0,Nature,1.0,Occasional
346,Hitesh,hitesh@example.com,"Beaches, Historical",Male,2,2,4,1,City,2.0,Occasional
347,Saanvi,saanvi@example.com,"Nature, Adventure",Female,1,0,1,0,,0.0,New
348,Anika,anika@example.com,"City, Historical",Female,1,0,1,0,Beach,2.0,Occasional
349,Tanvi,tanvi@example.com,"Beaches, Historical",Female,2,1,3,1,City,1.0,Occasional
350,Aditya,aditya@example.com,"Nature, Adventure",Male,1,2,3,1,,0.0,New
351,Vivaan,vivaan@example.com,"City, Historical",Male,2,2,4,1,Historical,2.0,Occasional
352,Kavya,kavya@example.com,"Beaches, Historical",Female,1,0,1,0,City,3.0,Occasional
353,Isha,isha@example.com,"Nature, Adventure",Female,2,0,2,0,Nature,1.0,Occasional
354,Meera,meera@example.com,"City, Historical",Female,1,2,3,1,,0.0,New
355,Kavya,kavya@example.com,"Beaches, Historical",Female,1,0,1,0,,0.0,New
356,Ishaan,ishaan@example.com,"Nature, Adventure",Male,1,1,2,1,City,2.0,Occasional
357,Riya,riya@example.com,"City, Historical",Female,1,1,2,1,,0.0,New
358,Anika,anika@example.com,"Beaches, Historical",Female,2,0,2,0,City,1.0,Occasional
359,Ishaan,ishaan@example.com,"Nature, Adventure",Male,2,1,3,1,City,3.0,Occasional
360,Isha,isha@example.com,"City, Historical",Female,2,2,4,1,Adventure,1.0,Occasional
361,Aanya,aanya@example.com,"Beaches, Historical",Female,1,0,1,0,,0.0,New
362,Aarav,aarav@example.com,"Nature, Adventure",Male,2,1,3,1,,0.0,New
363,Anika,anika@example.com,"City, Historical",Female,1,0,1,0,Beach,1.0,Occasional
364,Aanya,aanya@example.com,"Beaches, Historical",Female,2,2,4,1,Beach,1.0,Occasional
365,Vivaan,vivaan@example.com,"Nature, Adventure",Male,1,1,2,1,Beach,1.0,Occasional
366,Aanya,aanya@example.com,"City, Historical",Female,1,2,3,1,Historical,2.0,Occasional
367,Aanya,aanya@example.com,"Beaches, Historical",Female,1,0,1,0,Adventure,4.0,Regular
368,Ritvik,ritvik@example.com,"Nature, Adventure",Male,1,0,1,0,Adventure,3.0,Occasional
369,Rohan,rohan@example.com,"City, Historical",Male,2,1,3,1,,0.0,New
370,Pooja,pooja@example.com,"Beaches, Historical",Female,2,2,4,1,,0.0,New
371,Ritvik,ritvik@example.com,"Nature, Adventure",Male,2,0,2,0,,0.0,New
372,Pooja,pooja@example.com,"City, Historical",Female,1,2,3,1,Beach,1.0,Occasional
373,Hitesh,hitesh@example.com,"Beaches, Historical",Male,2,2,4,1,Adventure,2.0,Occasional
374,Meera,meera@example.com,"Nature, Adventure",Female,1,1,2,1,City,1.0,Occasional
375,Isha,isha@example.com,"City, Historical",Female,1,2,3,1,,0.0,New
376,Kavya,kavya@example.com,"Beaches, Historical",Female,2,0,2,0,City,1.0,Occasional
377,Isha,isha@example.com,"Nature, Adventure",Female,2,0,2,0,Adventure,1.0,Occasional
378,Isha,isha@example.com,"City, Historical",Female,2,1,3,1,City,2.0,Occasional
379,Isha,isha@example.com,"Beaches, Historical",Female,1,2,3,1,Adventure,2.0,Occasional
380,Aditya,aditya@example.com,"Nature, Adventure",Male,2,0,2,0,Beach,1.0,Occasional
381,Meera,meera@example.com,"City, Historical",Female,2,0,2,0,Beach,1.0,Occasional
382,Kavya,kavya@example.com,"Beaches, Historical",Female,1,1,2,1,Historical,1.0,Occasional
383,Kavya,kavya@example.com,"Nature, Adventure",Female,2,2,4,1,,0.0,New
384,Arjun,arjun@example.com,"City, Historical",Male,1,2,3,1,City,1.0,Occasional
385,Pooja,pooja@example.com,"Beaches, Historical",Female,2,2,4,1,,0.0,New
386,Hitesh,hitesh@example.com,"Nature, Adventure",Male,2,0,2,0,Adventure,1.0,Occasional
387,Arjun,arjun@example.com,"City, Historical",Male,1,0,1,0,,0.0,New
388,Aditya,aditya@example.com,"Beaches, Historical",Male,1,1,2,1,Beach,1.0,Occasional
389,Aanya,aanya@example.com,"Nature, Adventure",Female,2,0,2,0,,0.0,New
390,Arjun,arjun@example.com,"City, Historical",Male,2,1,3,1,Historical,2.0,Occasional
391,Tanvi,tanvi@example.com,"Beaches, Historical",Female,1,1,2,1,Historical,1.0,Occasional
392,Karan,karan@example.com,"Nature, Adventure",Male,2,2,4,1,Historical,1.0,Occasional
393,Meera,meera@example.com,"City, Historical",Female,2,1,3,1,Nature,1.0,Occasional
394,Anika,anika@example.com,"Beaches, Historical",Female,2,2,4,1,Historical,3.0,Occasional
395,Karan,karan@example.com,"Nature, Adventure",Male,2,2,4,1,,0.0,New
396,Tanvi,tanvi@example.com,"City, Historical",Female,2,0,2,0,,0.0,New
397,Anika,anika@example.com,"Beaches, Historical",Female,2,0,2,0,Adventure,1.0,Occasional
398,Anika,anika@example.com,"Nature, Adventure",Female,1,1,2,1,,0.0,New
399,Dhruv,dhruv@example.com,"City, Historical",Male,1,1,2,1,City,1.0,Occasional
400,Aanya,aanya@example.com,"Beaches, Historical",Female,2,1,3,1,Beach,2.0,Occasional
401,Aarav,aarav@example.com,"Nature, Adventure",Male,1,1,2,1,Adventure,2.0,Occasional
402,Dhruv,dhruv@example.com,"City, Historical",Male,2,0,2,0,Beach,2.0,Occasional
403,Rohan,rohan@example.com,"Beaches, Historical",Male,1,1,2,1,,0.0,New
404,Aditya,aditya@example.com,"Nature, Adventure",Male,1,2,3,1,Beach,2.0,Occasional
405,Hitesh,hitesh@example.com,"City, Historical",Male,2,0,2,0,,0.0,New
406,Ritvik,ritvik@example.com,"Beaches, Historical",Male,2,2,4,1,,0.0,New
407,Riya,riya@example.com,"Nature, Adventure",Female,2,1,3,1,Adventure,1.0,Occasional
408,Ishaan,ishaan@example.com,"City, Historical",Male,2,0,2,0,City,1.0,Occasional
409,Dhruv,dhruv@example.com,"Beaches, Historical",Male,2,2,4,1,Nature,1.0,Occasional
410,Ritvik,ritvik@example.com,"Nature, Adventure",Male,1,0,1,0,,0.0,New
411,Dhruv,dhruv@example.com,"City, Historical",Male,2,2,4,1,Adventure,2.0,Occasional
412,Riya,riya@example.com,"Beaches, Historical",Female,2,0,2,0,,0.0,New
413,Meera,meera@example.com,"Nature, Adventure",Female,2,2,4,1,Nature,1.0,Occasional
414,Aanya,aanya@example.com,"City, Historical",Female,1,2,3,1,,0.0,New
415,Arjun,arjun@example.com,"Beaches, Historical",Male,1,2,3,1,Historical,1.0,Occasional
416,Diya,diya@example.com,"Nature, Adventure",Female,2,0,2,0,Nature,1.0,Occasional
417,Karan,karan@example.com,"City, Historical",Male,2,2,4,1,,0.0,New
418,Pooja,pooja@example.com,"Beaches, Historical",Female,1,2,3,1,City,1.0,Occasional
419,Rohan,rohan@example.com,"Nature, Adventure",Male,2,1,3,1,Beach,2.0,Occasional
420,Saanvi,saanvi@example.com,"City, Historical",Female,2,2,4,1,,0.0,New
421,Saanvi,saanvi@example.com,"Beaches, Historical",Female,2,1,3,1,Adventure,1.0,Occasional
422,Meera,meera@example.com,"Nature, Adventure",Female,1,0,1,0,Historical,1.0,Occasional
423,Aarav,aarav@example.com,"City, Historical",Male,1,2,3,1,Historical,2.0,Occasional
424,Riya,riya@example.com,"Beaches, Historical",Female,1,0,1,0,Adventure,3.0,Occasional
425,Aarav,aarav@example.com,"Nature, Adventure",Male,2,1,3,1,,0.0,New
426,Anika,anika@example.com,"City, Historical",Female,1,1,2,1,Historical,1.0,Occasional
427,Aanya,aanya@example.com,"Beaches, Historical",Female,1,0,1,0,,0.0,New
428,Anika,anika@example.com,"Nature, Adventure",Female,1,2,3,1,,0.0,New
429,Anika,anika@example.com,"City, Historical",Female,1,0,1,0,Beach,1.0,Occasional
430,Vivaan,vivaan@example.com,"Beaches, Historical",Male,1,1,2,1,Nature,1.0,Occasional
431,Arjun,arjun@example.com,"Nature, Adventure",Male,1,1,2,1,Beach,2.0,Occasional
432,Aditya,aditya@example.com,"City, Historical",Male,2,2,4,1,,0.0,New
433,Pooja,pooja@example.com,"Beaches, Historical",Female,2,1,3,1,,0.0,New
434,Tanvi,tanvi@example.com,"Nature, Adventure",Female,2,2,4,1,Adventure,2.0,Occasional
435,Hitesh,hitesh@example.com,"City, Historical",Male,1,2,3,1,,0.0,New
436,Aanya,aanya@example.com,"Beaches, Historical",Female,1,2,3,1,Adventure,2.0,Occasional
437,Arjun,arjun@example.com,"Nature, Adventure",Male,2,1,3,1,Beach,2.0,Occasional
438,Pooja,pooja@example.com,"City, Historical",Female,2,0,2,0,Adventure,1.0,Occasional
439,Rohan,rohan@example.com,"Beaches, Historical",Male,2,0,2,0,,0.0,New
440,Meera,meera@example.com,"Nature, Adventure",Female,1,1,2,1,,0.0,New
441,Diya,diya@example.com,"City, Historical",Female,2,0,2,0,Adventure,1.0,Occasional
442,Tanvi,tanvi@example.com,"Beaches, Historical",Female,1,0,1,0,City,3.0,Occasional
443,Rohan,rohan@example.com,"Nature, Adventure",Male,2,1,3,1,Beach,1.0,Occasional
444,Riya,riya@example.com,"City, Historical",Female,1,0,1,0,Beach,1.0,Occasional
445,Riya,riya@example.com,"Beaches, Historical",Female,2,1,3,1,City,1.0,Occasional
446,Saanvi,saanvi@example.com,"Nature, Adventure",Female,2,2,4,1,Adventure,2.0,Occasional
447,Aarav,aarav@example.com,"City, Historical",Male,2,2,4,1,,0.0,New
448,Ritvik,ritvik@example.com,"Beaches, Historical",Male,1,0,1,0,Beach,1.0,Occasional
449,Aditya,aditya@example.com,"Nature, Adventure",Male,2,1,3,1,,0.0,New
450,Pooja,pooja@example.com,"City, Historical",Female,1,2,3,1,Nature,1.0,Occasional
451,Rohan,rohan@example.com,"Beaches, Historical",Male,1,1,2,1,,0.0,New
452,Karan,karan@example.com,"Nature, Adventure",Male,2,1,3,1,Historical,1.0,Occasional
453,Aanya,aanya@example.com,"City, Historical",Female,1,1,2,1,,0.0,New
454,Hitesh,hitesh@example.com,"Beaches, Historical",Male,2,0,2,0,Beach,2.0,Occasional
455,Diya,diya@example.com,"Nature, Adventure",Female,1,2,3,1,,0.0,New
456,Pooja,pooja@example.com,"City, Historical",Female,1,0,1,0,,0.0,New
457,Pooja,pooja@example.com,"Beaches, Historical",Female,2,1,3,1,,0.0,New
458,Vivaan,vivaan@example.com,"Nature, Adventure",Male,1,2,3,1,Beach,1.0,Occasional
459,Meera,meera@example.com,"City, Historical",Female,1,0,1,0,Beach,1.0,Occasional
460,Dhruv,dhruv@example.com,"Beaches, Historical",Male,1,2,3,1,,0.0,New
461,Saanvi,saanvi@example.com,"Nature, Adventure",Female,1,0,1,0,City,3.0,Occasional
462,Aditya,aditya@example.com,"City, Historical",Male,1,1,2,1,City,1.0,Occasional
463,Karan,karan@example.com,"Beaches, Historical",Male,1,2,3,1,Adventure,2.0,Occasional
464,Meera,meera@example.com,"Nature, Adventure",Female,1,1,2,1,,0.0,New
465,Aditya,aditya@example.com,"City, Historical",Male,1,1,2,1,Historical,1.0,Occasional
466,Isha,isha@example.com,"Beaches, Historical",Female,1,2,3,1,Adventure,2.0,Occasional
467,Karan,karan@example.com,"Nature, Adventure",Male,2,2,4,1,Nature,1.0,Occasional
468,Aditya,aditya@example.com,"City, Historical",Male,1,0,1,0,Nature,1.0,Occasional
469,Ishaan,ishaan@example.com,"Beaches, Historical",Male,2,0,2,0,Adventure,1.0,Occasional
470,Arjun,arjun@example.com,"Nature, Adventure",Male,2,1,3,1,Adventure,1.0,Occasional
471,Arjun,arjun@example.com,"City, Historical",Male,1,0,1,0,,0.0,New
472,Meera,meera@example.com,"Beaches, Historical",Female,2,2,4,1,,0.0,New
473,Ishaan,ishaan@example.com,"Nature, Adventure",Male,2,2,4,1,City,1.0,Occasional
474,Ritvik,ritvik@example.com,"City, Historical",Male,2,2,4,1,Nature,3.0,Occasional
475,Karan,karan@example.com,"Beaches, Historical",Male,1,1,2,1,Historical,1.0,Occasional
476,Anika,anika@example.com,"Nature, Adventure",Female,1,0,1,0,Beach,2.0,Occasional
477,Saanvi,saanvi@example.com,"City, Historical",Female,2,0,2,0,,0.0,New
478,Arjun,arjun@example.com,"Beaches, Historical",Male,2,0,2,0,Nature,1.0,Occasional
479,Ishaan,ishaan@example.com,"Nature, Adventure",Male,2,0,2,0,,0.0,New
480,Riya,riya@example.com,"City, Historical",Female,2,0,2,0,Adventure,2.0,Occasional
481,Diya,diya@example.com,"Beaches, Historical",Female,1,0,1,0,,0.0,New
482,Isha,isha@example.com,"Nature, Adventure",Female,2,0,2,0,Adventure,1.0,Occasional
483,Pooja,pooja@example.com,"City, Historical",Female,1,1,2,1,Historical,1.0,Occasional
484,Saanvi,saanvi@example.com,"Beaches, Historical",Female,2,0,2,0,Adventure,2.0,Occasional
485,Aanya,aanya@example.com,"Nature, Adventure",Female,1,0,1,0,Adventure,1.0,Occasional
486,Aarav,aarav@example.com,"City, Historical",Male,1,0,1,0,,0.0,New
487,Pooja,pooja@example.com,"Beaches, Historical",Female,1,1,2,1,,0.0,New
488,Anika,anika@example.com,"Nature, Adventure",Female,1,0,1,0,Beach,1.0,Occasional
489,Rohan,rohan@example.com,"City, Historical",Male,2,1,3,1,,0.0,New
490,Isha,isha@example.com,"Beaches, Historical",Female,2,1,3,1,Nature,1.0,Occasional
491,Aanya,aanya@example.com,"Nature, Adventure",Female,2,1,3,1,,0.0,New
492,Tanvi,tanvi@example.com,"City, Historical",Female,2,2,4,1,,0.0,New
493,Aditya,aditya@example.com,"Beaches, Historical",Male,2,0,2,0,,0.0,New
494,Aanya,aanya@example.com,"Nature, Adventure",Female,1,2,3,1,,0.0,New
495,Aanya,aanya@example.com,"City, Historical",Female,2,0,2,0,,0.0,New
496,Arjun,arjun@example.com,"Beaches, Historical",Male,1,1,2,1,City,1.0,Occasional
497,Aarav,aarav@example.com,"Nature, Adventure",Male,2,1,3,1,City,2.0,Occasional
498,Dhruv,dhruv@example.com,"City, Historical",Male,1,0,1,0,Beach,2.0,Occasional
499,Aarav,aarav@example.com,"Beaches, Historical",Male,2,0,2,0,Adventure,1.0,Occasional
500,Kavya,kavya@example.com,"Nature, Adventure",Female,1,1,2,1,Beach,1.0,Occasional
501,Arjun,arjun@example.com,"City, Historical",Male,2,0,2,0,Adventure,1.0,Occasional
502,Kavya,kavya@example.com,"Beaches, Historical",Female,2,0,2,0,City,1.0,Occasional
503,Dhruv,dhruv@example.com,"Nature, Adventure",Male,1,2,3,1,Historical,2.0,Occasional
504,Isha,isha@example.com,"City, Historical",Female,1,1,2,1,,0.0,New
505,Kavya,kavya@example.com,"Beaches, Historical",Female,1,2,3,1,,0.0,New
506,Aanya,aanya@example.com,"Nature, Adventure",Female,2,1,3,1,,0.0,New
507,Saanvi,saanvi@example.com,"City, Historical",Female,2,2,4,1,Beach,1.0,Occasional
508,Aanya,aanya@example.com,"Beaches, Historical",Female,2,0,2,0,,0.0,New
509,Hitesh,hitesh@example.com,"Nature, Adventure",Male,1,0,1,0,Nature,1.0,Occasional
510,Isha,isha@example.com,"City, Historical",Female,1,1,2,1,,0.0,New
511,Karan,karan@example.com,"Beaches, Historical",Male,2,1,3,1,Nature,1.0,Occasional
512,Ritvik,ritvik@example.com,"Nature, Adventure",Male,1,1,2,1,Adventure,1.0,Occasional
513,Vivaan,vivaan@example.com,"City, Historical",Male,1,2,3,1,,0.0,New
514,Pooja,pooja@example.com,"Beaches, Historical",Female,2,1,3,1,,0.0,New
515,Arjun,arjun@example.com,"Nature, Adventure",Male,1,0,1,0,,0.0,New
516,Aditya,aditya@example.com,"City, Historical",Male,1,1,2,1,Historical,2.0,Occasional
517,Vivaan,vivaan@example.com,"Beaches, Historical",Male,1,0,1,0,,0.0,New
518,Tanvi,tanvi@example.com,"Nature, Adventure",Female,2,2,4,1,Adventure,3.0,Occasional
519,Ritvik,ritvik@example.com,"City, Historical",Male,1,0,1,0,,0.0,New
520,Isha,isha@example.com,"Beaches, Historical",Female,2,0,2,0,Nature,1.0,Occasional
521,Rohan,rohan@example.com,"Nature, Adventure",Male,1,2,3,1,,0.0,New
522,Kavya,kavya@example.com,"City, Historical",Female,2,0,2,0,Beach,1.0,Occasional
523,Aarav,aarav@example.com,"Beaches, Historical",Male,1,2,3,1,,0.0,New
524,Diya,diya@example.com,"Nature, Adventure",Female,2,2,4,1,Historical,1.0,Occasional
525,Saanvi,saanvi@example.com,"City, Historical",Female,2,2,4,1,Adventure,1.0,Occasional
526,Ishaan,ishaan@example.com,"Beaches, Historical",Male,1,0,1,0,Adventure,2.0,Occasional
527,Karan,karan@example.com,"Nature, Adventure",Male,1,2,3,1,Beach,2.0,Occasional
528,Isha,isha@example.com,"City, Historical",Female,2,1,3,1,Nature,3.0,Occasional
529,Meera,meera@example.com,"Beaches, Historical",Female,1,0,1,0,,0.0,New
530,Anika,anika@example.com,"Nature, Adventure",Female,2,0,2,0,Adventure,3.0,Occasional
531,Aanya,aanya@example.com,"City, Historical",Female,1,1,2,1,Beach,1.0,Occasional
532,Riya,riya@example.com,"Beaches, Historical",Female,2,1,3,1,,0.0,New
533,Riya,riya@example.com,"Nature, Adventure",Female,1,1,2,1,Nature,1.0,Occasional
534,Aanya,aanya@example.com,"City, Historical",Female,1,1,2,1,City,2.0,Occasional
535,Aanya,aanya@example.com,"Beaches, Historical",Female,1,2,3,1,Beach,2.0,Occasional
536,Kavya,kavya@example.com,"Nature, Adventure",Female,1,0,1,0,,0.0,New
537,Hitesh,hitesh@example.com,"City, Historical",Male,2,0,2,0,Beach,4.0,Regular
538,Anika,anika@example.com,"Beaches, Historical",Female,2,1,3,1,Adventure,2.0,Occasional
539,Aarav,aarav@example.com,"Nature, Adventure",Male,1,2,3,1,Beach,2.0,Occasional
540,Aanya,aanya@example.com,"City, Historical",Female,2,2,4,1,,0.0,New
541,Tanvi,tanvi@example.com,"Beaches, Historical",Female,1,1,2,1,,0.0,New
542,Pooja,pooja@example.com,"Nature, Adventure",Female,2,1,3,1,Adventure,1.0,Occasional
543,Kavya,kavya@example.com,"City, Historical",Female,2,1,3,1,,0.0,New
544,Pooja,pooja@example.com,"Beaches, Historical",Female,1,1,2,1,Beach,2.0,Occasional
545,Ritvik,ritvik@example.com,"Nature, Adventure",Male,2,2,4,1,,0.0,New
546,Pooja,pooja@example.com,"City, Historical",Female,1,0,1,0,Historical,1.0,Occasional
547,Isha,isha@example.com,"Beaches, Historical",Female,1,2,3,1,,0.0,New
548,Dhruv,dhruv@example.com,"Nature, Adventure",Male,1,0,1,0,Adventure,1.0,Occasional
549,Ritvik,ritvik@example.com,"City, Historical",Male,1,0,1,0,,0.0,New
550,Ritvik,ritvik@example.com,"Beaches, Historical",Male,1,0,1,0,City,2.0,Occasional
551,Dhruv,dhruv@example.com,"Nature, Adventure",Male,2,2,4,1,Nature,1.0,Occasional
552,Saanvi,saanvi@example.com,"City, Historical",Female,2,1,3,1,,0.0,New
553,Meera,meera@example.com,"Beaches, Historical",Female,1,1,2,1,,0.0,New
554,Kavya,kavya@example.com,"Nature, Adventure",Female,1,2,3,1,City,2.0,Occasional
555,Isha,isha@example.com,"City, Historical",Female,1,2,3,1,Beach,1.0,Occasional
556,Aditya,aditya@example.com,"Beaches, Historical",Male,1,0,1,0,Beach,1.0,Occasional
557,Ishaan,ishaan@example.com,"Nature, Adventure",Male,2,2,4,1,,0.0,New
558,Dhruv,dhruv@example.com,"City, Historical",Male,2,0,2,0,,0.0,New
559,Ishaan,ishaan@example.com,"Beaches, Historical",Male,1,2,3,1,,0.0,New
560,Tanvi,tanvi@example.com,"Nature, Adventure",Female,1,1,2,1,Beach,3.0,Occasional
561,Vivaan,vivaan@example.com,"City, Historical",Male,2,1,3,1,,0.0,New
562,Saanvi,saanvi@example.com,"Beaches, Historical",Female,1,1,2,1,,0.0,New
563,Karan,karan@example.com,"Nature, Adventure",Male,2,2,4,1,City,1.0,Occasional
564,Vivaan,vivaan@example.com,"City, Historical",Male,2,0,2,0,City,2.0,Occasional
565,Ritvik,ritvik@example.com,"Beaches, Historical",Male,2,1,3,1,Historical,1.0,Occasional
566,Karan,karan@example.com,"Nature, Adventure",Male,2,0,2,0,,0.0,New
567,Kavya,kavya@example.com,"City, Historical",Female,2,1,3,1,Historical,2.0,Occasional
568,Saanvi,saanvi@example.com,"Beaches, Historical",Female,2,0,2,0,Adventure,1.0,Occasional
569,Aanya,aanya@example.com,"Nature, Adventure",Female,2,2,4,1,Historical,1.0,Occasional
570,Saanvi,saanvi@example.com,"City, Historical",Female,2,2,4,1,,0.0,New
571,Riya,riya@example.com,"Beaches, Historical",Female,2,0,2,0,,0.0,New
572,Meera,meera@example.com,"Nature, Adventure",Female,2,2,4,1,Adventure,3.0,Occasional
573,Hitesh,hitesh@example.com,"City, Historical",Male,2,0,2,0,Beach,1.0,Occasional
574,Aarav,aarav@example.com,"Beaches, Historical",Male,1,2,3,1,Historical,1.0,Occasional
575,Ritvik,ritvik@example.com,"Nature, Adventure",Male,1,2,3,1,Beach,2.0,Occasional
576,Meera,meera@example.com,"City, Historical",Female,2,0,2,0,City,1.0,Occasional
577,Aanya,aanya@example.com,"Beaches, Historical",Female,2,1,3,1,,0.0,New
578,Tanvi,tanvi@example.com,"Nature, Adventure",Female,2,1,3,1,Historical,3.0,Occasional
579,Aarav,aarav@example.com,"City, Historical",Male,2,1,3,1,Historical,1.0,Occasional
580,Riya,riya@example.com,"Beaches, Historical",Female,1,0,1,0,Adventure,1.0,Occasional
581,Arjun,arjun@example.com,"Nature, Adventure",Male,1,1,2,1,,0.0,New
582,Anika,anika@example.com,"City, Historical",Female,2,2,4,1,City,1.0,Occasional
583,Arjun,arjun@example.com,"Beaches, Historical",Male,1,1,2,1,,0.0,New
584,Rohan,rohan@example.com,"Nature, Adventure",Male,1,2,3,1,Beach,1.0,Occasional
585,Hitesh,hitesh@example.com,"City, Historical",Male,2,1,3,1,Historical,1.0,Occasional
586,Ritvik,ritvik@example.com,"Beaches, Historical",Male,1,1,2,1,City,1.0,Occasional
587,Pooja,pooja@example.com,"Nature, Adventure",Female,2,0,2,0,,0.0,New
588,Riya,riya@example.com,"City, Historical",Female,1,2,3,1,,0.0,New
589,Arjun,arjun@example.com,"Beaches, Historical",Male,2,2,4,1,Adventure,1.0,Occasional
590,Ishaan,ishaan@example.com,"Nature, Adventure",Male,1,2,3,1,Historical,1.0,Occasional
591,Hitesh,hitesh@example.com,"City, Historical",Male,1,1,2,1,City,2.0,Occasional
592,Saanvi,saanvi@example.com,"Beaches, Historical",Female,2,1,3,1,Historical,3.0,Occasional
593,Kavya,kavya@example.com,"Nature, Adventure",Female,1,0,1,0,Adventure,1.0,Occasional
594,Tanvi,tanvi@example.com,"City, Historical",Female,1,0,1,0,Adventure,3.0,Occasional
595,Diya,diya@example.com,"Beaches, Historical",Female,1,0,1,0,,0.0,New
596,Aanya,aanya@example.com,"Nature, Adventure",Female,1,1,2,1,Historical,1.0,Occasional
597,Aanya,aanya@example.com,"City, Historical",Female,1,0,1,0,Historical,2.0,Occasional
598,Pooja,pooja@example.com,"Beaches, Historical",Female,2,2,4,1,Historical,1.0,Occasional
599,Kavya,kavya@example.com,"Nature, Adventure",Female,1,0,1,0,Adventure,1.0,Occasional
600,Kavya,kavya@example.com,"City, Historical",Female,2,1,3,1,Beach,1.0,Occasional
601,Ritvik,ritvik@example.com,"Beaches, Historical",Male,1,0,1,0,,0.0,New
602,Meera,meera@example.com,"Nature, Adventure",Female,1,2,3,1,Beach,1.0,Occasional
603,Ritvik,ritvik@example.com,"City, Historical",Male,2,2,4,1,,0.0,New
604,Meera,meera@example.com,"Beaches, Historical",Female,2,2,4,1,,0.0,New
605,Hitesh,hitesh@example.com,"Nature, Adventure",Male,2,1,3,1,,0.0,New
606,Riya,riya@example.com,"City, Historical",Female,2,2,4,1,City,3.0,Occasional
607,Aarav,aarav@example.com,"Beaches, Historical",Male,1,0,1,0,Beach,2.0,Occasional
608,Ritvik,ritvik@example.com,"Nature, Adventure",Male,1,0,1,0,Nature,1.0,Occasional
609,Meera,meera@example.com,"City, Historical",Female,2,2,4,1,Beach,2.0,Occasional
610,Vivaan,vivaan@example.com,"Beaches, Historical",Male,1,1,2,1,Beach,1.0,Occasional
611,Vivaan,vivaan@example.com,"Nature, Adventure",Male,2,2,4,1,,0.0,New
612,Aanya,aanya@example.com,"City, Historical",Female,2,0,2,0,Beach,1.0,Occasional
613,Aanya,aanya@example.com,"Beaches, Historical",Female,2,0,2,0,Historical,1.0,Occasional
614,Kavya,kavya@example.com,"Nature, Adventure",Female,2,2,4,1,Adventure,2.0,Occasional
615,Rohan,rohan@example.com,"City, Historical",Male,1,1,2,1,,0.0,New
616,Isha,isha@example.com,"Beaches, Historical",Female,1,0,1,0,,0.0,New
617,Hitesh,hitesh@example.com,"Nature, Adventure",Male,2,1,3,1,,0.0,New
618,Riya,riya@example.com,"City, Historical",Female,1,2,3,1,City,1.0,Occasional
619,Aditya,aditya@example.com,"Beaches, Historical",Male,1,0,1,0,Historical,1.0,Occasional
620,Aditya,aditya@example.com,"Nature, Adventure",Male,2,0,2,0,Nature,1.0,Occasional
621,Aanya,aanya@example.com,"City, Historical",Female,2,0,2,0,Historical,2.0,Occasional
622,Karan,karan@example.com,"Beaches, Historical",Male,2,0,2,0,,0.0,New
623,Isha,isha@example.com,"Nature, Adventure",Female,1,0,1,0,Adventure,1.0,Occasional
624,Tanvi,tanvi@example.com,"City, Historical",Female,1,0,1,0,,0.0,New
625,Vivaan,vivaan@example.com,"Beaches, Historical",Male,1,2,3,1,,0.0,New
626,Rohan,rohan@example.com,"Nature, Adventure",Male,2,0,2,0,Beach,1.0,Occasional
627,Rohan,rohan@example.com,"City, Historical",Male,2,0,2,0,Nature,1.0,Occasional
628,Saanvi,saanvi@example.com,"Beaches, Historical",Female,1,2,3,1,Adventure,2.0,Occasional
629,Riya,riya@example.com,"Nature, Adventure",Female,2,0,2,0,Adventure,1.0,Occasional
630,Isha,isha@example.com,"City, Historical",Female,1,0,1,0,,0.0,New
631,Riya,riya@example.com,"Beaches, Historical",Female,1,2,3,1,Nature,2.0,Occasional
632,Aarav,aarav@example.com,"Nature, Adventure",Male,1,0,1,0,Adventure,1.0,Occasional
633,Karan,karan@example.com,"City, Historical",Male,2,0,2,0,,0.0,New
634,Dhruv,dhruv@example.com,"Beaches, Historical",Male,2,2,4,1,Nature,1.0,Occasional
635,Arjun,arjun@example.com,"Nature, Adventure",Male,1,0,1,0,City,1.0,Occasional
636,Tanvi,tanvi@example.com,"City, Historical",Female,2,2,4,1,Adventure,2.0,Occasional
637,Ishaan,ishaan@example.com,"Beaches, Historical",Male,1,0,1,0,Beach,2.0,Occasional
638,Dhruv,dhruv@example.com,"Nature, Adventure",Male,2,0,2,0,,0.0,New
639,Ishaan,ishaan@example.com,"City, Historical",Male,1,2,3,1,Adventure,1.0,Occasional
640,Karan,karan@example.com,"Beaches, Historical",Male,1,1,2,1,,0.0,New
641,Karan,karan@example.com,"Nature, Adventure",Male,2,2,4,1,,0.0,New
642,Aanya,aanya@example.com,"City, Historical",Female,1,1,2,1,Nature,1.0,Occasional
643,Vivaan,vivaan@example.com,"Beaches, Historical",Male,1,1,2,1,,0.0,New
644,Tanvi,tanvi@example.com,"Nature, Adventure",Female,1,0,1,0,Adventure,1.0,Occasional
645,Tanvi,tanvi@example.com,"City, Historical",Female,1,2,3,1,,0.0,New
646,Meera,meera@example.com,"Beaches, Historical",Female,1,1,2,1,,0.0,New
647,Riya,riya@example.com,"Nature, Adventure",Female,2,1,3,1,Historical,3.0,Occasional
648,Diya,diya@example.com,"City, Historical",Female,2,1,3,1,,0.0,New
649,Dhruv,dhruv@example.com,"Beaches, Historical",Male,2,1,3,1,Historical,1.0,Occasional
650,Aditya,aditya@example.com,"Nature, Adventure",Male,2,2,4,1,,0.0,New
651,Aarav,aarav@example.com,"City, Historical",Male,2,0,2,0,Adventure,2.0,Occasional
652,Tanvi,tanvi@example.com,"Beaches, Historical",Female,2,0,2,0,,0.0,New
653,Aarav,aarav@example.com,"Nature, Adventure",Male,2,1,3,1,City,4.0,Regular
654,Aanya,aanya@example.com,"City, Historical",Female,2,0,2,0,City,1.0,Occasional
655,Kavya,kavya@example.com,"Beaches, Historical",Female,1,1,2,1,Adventure,1.0,Occasional
656,Ritvik,ritvik@example.com,"Nature, Adventure",Male,1,0,1,0,,0.0,New
657,Dhruv,dhruv@example.com,"City, Historical",Male,1,0,1,0,City,1.0,Occasional
658,Hitesh,hitesh@example.com,"Beaches, Historical",Male,1,2,3,1,,0.0,New
659,Ishaan,ishaan@example.com,"Nature, Adventure",Male,2,1,3,1,Nature,1.0,Occasional
660,Tanvi,tanvi@example.com,"City, Historical",Female,2,2,4,1,,0.0,New
661,Saanvi,saanvi@example.com,"Beaches, Historical",Female,2,0,2,0,,0.0,New
662,Kavya,kavya@example.com,"Nature, Adventure",Female,2,1,3,1,Beach,2.0,Occasional
663,Aarav,aarav@example.com,"City, Historical",Male,1,1,2,1,City,1.0,Occasional
664,Saanvi,saanvi@example.com,"Beaches, Historical",Female,2,1,3,1,,0.0,New
665,Hitesh,hitesh@example.com,"Nature, Adventure",Male,1,1,2,1,,0.0,New
666,Dhruv,dhruv@example.com,"City, Historical",Male,1,1,2,1,,0.0,New
667,Vivaan,vivaan@example.com,"Beaches, Historical",Male,2,1,3,1,,0.0,New
668,Dhruv,dhruv@example.com,"Nature, Adventure",Male,2,0,2,0,Beach,1.0,Occasional
669,Aditya,aditya@example.com,"City, Historical",Male,2,1,3,1,Historical,1.0,Occasional
670,Tanvi,tanvi@example.com,"Beaches, Historical",Female,1,0,1,0,,0.0,New
671,Dhruv,dhruv@example.com,"Nature, Adventure",Male,2,2,4,1,Nature,1.0,Occasional
672,Riya,riya@example.com,"City, Historical",Female,2,0,2,0,Adventure,2.0,Occasional
673,Anika,anika@example.com,"Beaches, Historical",Female,2,2,4,1,City,1.0,Occasional
674,Aarav,aarav@example.com,"Nature, Adventure",Male,1,1,2,1,Adventure,1.0,Occasional
675,Saanvi,saanvi@example.com,"City, Historical",Female,2,0,2,0,,0.0,New
676,Karan,karan@example.com,"Beaches, Historical",Male,2,0,2,0,Beach,2.0,Occasional
677,Vivaan,vivaan@example.com,"Nature, Adventure",Male,2,0,2,0,Nature,3.0,Occasional
678,Meera,meera@example.com,"City, Historical",Female,2,2,4,1,Historical,1.0,Occasional
679,Ishaan,ishaan@example.com,"Beaches, Historical",Male,2,1,3,1,Beach,3.0,Occasional
680,Aditya,aditya@example.com,"Nature, Adventure",Male,1,0,1,0,Adventure,2.0,Occasional
681,Aanya,aanya@example.com,"City, Historical",Female,1,2,3,1,City,1.0,Occasional
682,Hitesh,hitesh@example.com,"Beaches, Historical",Male,2,0,2,0,Adventure,1.0,Occasional
683,Isha,isha@example.com,"Nature, Adventure",Female,1,0,1,0,,0.0,New
684,Aditya,aditya@example.com,"City, Historical",Male,1,0,1,0,Beach,3.0,Occasional
685,Aditya,aditya@example.com,"Beaches, Historical",Male,1,0,1,0,Adventure,1.0,Occasional
686,Ritvik,ritvik@example.com,"Nature, Adventure",Male,2,2,4,1,Adventure,2.0,Occasional
687,Aanya,aanya@example.com,"City, Historical",Female,1,1,2,1,,0.0,New
688,Kavya,kavya@example.com,"Beaches, Historical",Female,2,1,3,1,City,4.0,Regular
689,Arjun,arjun@example.com,"Nature, Adventure",Male,1,0,1,0,Adventure,1.0,Occasional
690,Rohan,rohan@example.com,"City, Historical",Male,2,2,4,1,City,1.0,Occasional
691,Isha,isha@example.com,"Beaches, Historical",Female,1,1,2,1,,0.0,New
692,Dhruv,dhruv@example.com,"Nature, Adventure",Male,2,1,3,1,,0.0,New
693,Aditya,aditya@example.com,"City, Historical",Male,2,0,2,0,City,2.0,Occasional
694,Anika,anika@example.com,"Beaches, Historical",Female,1,0,1,0,Adventure,1.0,Occasional
695,Tanvi,tanvi@example.com,"Nature, Adventure",Female,2,2,4,1,,0.0,New
696,Hitesh,hitesh@example.com,"City, Historical",Male,1,1,2,1,Beach,1.0,Occasional
697,Aditya,aditya@example.com,"Beaches, Historical",Male,1,0,1,0,,0.0,New
698,Hitesh,hitesh@example.com,"Nature, Adventure",Male,1,2,3,1,,0.0,New
699,Aditya,aditya@example.com,"City, Historical",Male,2,2,4,1,Beach,1.0,Occasional
700,Aarav,aarav@example.com,"Beaches, Historical",Male,1,2,3,1,Adventure,1.0,Occasional
701,Riya,riya@example.com,"Nature, Adventure",Female,2,1,3,1,Adventure,2.0,Occasional
702,Aarav,aarav@example.com,"City, Historical",Male,1,1,2,1,,0.0,New
703,Vivaan,vivaan@example.com,"Beaches, Historical",Male,2,1,3,1,Beach,1.0,Occasional
704,Aditya,aditya@example.com,"Nature, Adventure",Male,2,2,4,1,Beach,1.0,Occasional
705,Aanya,aanya@example.com,"City, Historical",Female,1,2,3,1,,0.0,New
706,Kavya,kavya@example.com,"Beaches, Historical",Female,2,0,2,0,Historical,3.0,Occasional
707,Pooja,pooja@example.com,"Nature, Adventure",Female,2,0,2,0,Nature,1.0,Occasional
708,Dhruv,dhruv@example.com,"City, Historical",Male,1,1,2,1,Adventure,2.0,Occasional
709,Karan,karan@example.com,"Beaches, Historical",Male,2,1,3,1,Nature,1.0,Occasional
710,Diya,diya@example.com,"Nature, Adventure",Female,2,0,2,0,,0.0,New
711,Hitesh,hitesh@example.com,"City, Historical",Male,2,1,3,1,Adventure,3.0,Occasional
712,Diya,diya@example.com,"Beaches, Historical",Female,2,0,2,0,Historical,1.0,Occasional
713,Kavya,kavya@example.com,"Nature, Adventure",Female,2,0,2,0,Historical,1.0,Occasional
714,Ishaan,ishaan@example.com,"City, Historical",Male,1,0,1,0,,0.0,New
715,Pooja,pooja@example.com,"Beaches, Historical",Female,1,2,3,1,Historical,1.0,Occasional
716,Pooja,pooja@example.com,"Nature, Adventure",Female,2,1,3,1,,0.0,New
717,Kavya,kavya@example.com,"City, Historical",Female,2,2,4,1,Nature,1.0,Occasional
718,Rohan,rohan@example.com,"Beaches, Historical",Male,2,1,3,1,Adventure,2.0,Occasional
719,Riya,riya@example.com,"Nature, Adventure",Female,2,2,4,1,,0.0,New
720,Riya,riya@example.com,"City, Historical",Female,1,1,2,1,,0.0,New
721,Ritvik,ritvik@example.com,"Beaches, Historical",Male,2,1,3,1,Historical,1.0,Occasional
722,Pooja,pooja@example.com,"Nature, Adventure",Female,1,0,1,0,Beach,2.0,Occasional
723,Aanya,aanya@example.com,"City, Historical",Female,1,2,3,1,Adventure,2.0,Occasional
724,Kavya,kavya@example.com,"Beaches, Historical",Female,2,2,4,1,Historical,1.0,Occasional
725,Karan,karan@example.com,"Nature, Adventure",Male,1,1,2,1,Adventure,2.0,Occasional
726,Aditya,aditya@example.com,"City, Historical",Male,2,2,4,1,,0.0,New
727,Aanya,aanya@example.com,"Beaches, Historical",Female,1,1,2,1,Beach,1.0,Occasional
728,Kavya,kavya@example.com,"Nature, Adventure",Female,2,1,3,1,,0.0,New
729,Diya,diya@example.com,"City, Historical",Female,2,0,2,0,Nature,1.0,Occasional
730,Tanvi,tanvi@example.com,"Beaches, Historical",Female,1,1,2,1,,0.0,New
731,Isha,isha@example.com,"Nature, Adventure",Female,2,2,4,1,,0.0,New
732,Dhruv,dhruv@example.com,"City, Historical",Male,2,0,2,0,,0.0,New
733,Kavya,kavya@example.com,"Beaches, Historical",Female,1,1,2,1,City,2.0,Occasional
734,Ritvik,ritvik@example.com,"Nature, Adventure",Male,2,0,2,0,Adventure,2.0,Occasional
735,Riya,riya@example.com,"City, Historical",Female,1,0,1,0,Beach,1.0,Occasional
736,Dhruv,dhruv@example.com,"Beaches, Historical",Male,1,1,2,1,Adventure,1.0,Occasional
737,Isha,isha@example.com,"Nature, Adventure",Female,1,2,3,1,Nature,1.0,Occasional
738,Anika,anika@example.com,"City, Historical",Female,1,1,2,1,,0.0,New
739,Arjun,arjun@example.com,"Beaches, Historical",Male,2,1,3,1,Nature,1.0,Occasional
740,Isha,isha@example.com,"Nature, Adventure",Female,1,1,2,1,Beach,1.0,Occasional
741,Saanvi,saanvi@example.com,"City, Historical",Female,1,1,2,1,,0.0,New
742,Aanya,aanya@example.com,"Beaches, Historical",Female,2,1,3,1,Historical,1.0,Occasional
743,Riya,riya@example.com,"Nature, Adventure",Female,1,2,3,1,Nature,2.0,Occasional
744,Aanya,aanya@example.com,"City, Historical",Female,1,0,1,0,,0.0,New
745,Saanvi,saanvi@example.com,"Beaches, Historical",Female,1,2,3,1,Historical,3.0,Occasional
746,Pooja,pooja@example.com,"Nature, Adventure",Female,2,1,3,1,Beach,1.0,Occasional
747,Isha,isha@example.com,"City, Historical",Female,1,0,1,0,Adventure,3.0,Occasional
748,Vivaan,vivaan@example.com,"Beaches, Historical",Male,2,0,2,0,Historical,1.0,Occasional
749,Isha,isha@example.com,"Nature, Adventure",Female,1,0,1,0,,0.0,New
750,Hitesh,hitesh@example.com,"City, Historical",Male,1,2,3,1,Adventure,3.0,Occasional
751,Anika,anika@example.com,"Beaches, Historical",Female,1,2,3,1,,0.0,New
752,Vivaan,vivaan@example.com,"Nature, Adventure",Male,1,2,3,1,Adventure,3.0,Occasional
753,Riya,riya@example.com,"City, Historical",Female,2,1,3,1,,0.0,New
754,Aditya,aditya@example.com,"Beaches, Historical",Male,2,2,4,1,Adventure,2.0,Occasional
755,Arjun,arjun@example.com,"Nature, Adventure",Male,2,2,4,1,Nature,1.0,Occasional
756,Arjun,arjun@example.com,"City, Historical",Male,1,2,3,1,Historical,1.0,Occasional
757,Karan,karan@example.com,"Beaches, Historical",Male,1,0,1,0,Historical,3.0,Occasional
758,Ishaan,ishaan@example.com,"Nature, Adventure",Male,2,0,2,0,City,1.0,Occasional
759,Tanvi,tanvi@example.com,"City, Historical",Female,2,1,3,1,Beach,2.0,Occasional
760,Meera,meera@example.com,"Beaches, Historical",Female,1,0,1,0,,0.0,New
761,Hitesh,hitesh@example.com,"Nature, Adventure",Male,2,1,3,1,,0.0,New
762,Isha,isha@example.com,"City, Historical",Female,2,0,2,0,Nature,2.0,Occasional
763,Riya,riya@example.com,"Beaches, Historical",Female,1,1,2,1,,0.0,New
764,Riya,riya@example.com,"Nature, Adventure",Female,2,1,3,1,Adventure,1.0,Occasional
765,Hitesh,hitesh@example.com,"City, Historical",Male,2,0,2,0,City,2.0,Occasional
766,Pooja,pooja@example.com,"Beaches, Historical",Female,1,0,1,0,,0.0,New
767,Meera,meera@example.com,"Nature, Adventure",Female,2,2,4,1,Beach,2.0,Occasional
768,Anika,anika@example.com,"City, Historical",Female,1,2,3,1,Nature,1.0,Occasional
769,Kavya,kavya@example.com,"Beaches, Historical",Female,2,1,3,1,Historical,2.0,Occasional
770,Diya,diya@example.com,"Nature, Adventure",Female,2,1,3,1,,0.0,New
771,Aditya,aditya@example.com,"City, Historical",Male,1,1,2,1,,0.0,New
772,Ritvik,ritvik@example.com,"Beaches, Historical",Male,1,0,1,0,,0.0,New
773,Arjun,arjun@example.com,"Nature, Adventure",Male,1,0,1,0,City,2.0,Occasional
774,Rohan,rohan@example.com,"City, Historical",Male,1,2,3,1,Historical,1.0,Occasional
775,Hitesh,hitesh@example.com,"Beaches, Historical",Male,2,0,2,0,,0.0,New
776,Aarav,aarav@example.com,"Nature, Adventure",Male,2,1,3,1,,0.0,New
777,Vivaan,vivaan@example.com,"City, Historical",Male,1,2,3,1,Adventure,2.0,Occasional
778,Anika,anika@example.com,"Beaches, Historical",Female,1,0,1,0,Adventure,3.0,Occasional
779,Diya,diya@example.com,"Nature, Adventure",Female,2,1,3,1,Nature,1.0,Occasional
780,Meera,meera@example.com,"City, Historical",Female,2,0,2,0,,0.0,New
781,Anika,anika@example.com,"Beaches, Historical",Female,1,0,1,0,Nature,1.0,Occasional
782,Aditya,aditya@example.com,"Nature, Adventure",Male,1,0,1,0,Adventure,1.0,Occasional
783,Karan,karan@example.com,"City, Historical",Male,1,1,2,1,Nature,1.0,Occasional
784,Aarav,aarav@example.com,"Beaches, Historical",Male,2,1,3,1,Nature,1.0,Occasional
785,Karan,karan@example.com,"Nature, Adventure",Male,1,0,1,0,Adventure,1.0,Occasional
786,Tanvi,tanvi@example.com,"City, Historical",Female,2,1,3,1,Beach,1.0,Occasional
787,Ishaan,ishaan@example.com,"Beaches, Historical",Male,1,0,1,0,,0.0,New
788,Saanvi,saanvi@example.com,"Nature, Adventure",Female,1,2,3,1,,0.0,New
789,Ritvik,ritvik@example.com,"City, Historical",Male,2,1,3,1,,0.0,New
790,Hitesh,hitesh@example.com,"Beaches, Historical",Male,1,0,1,0,Adventure,1.0,Occasional
791,Ishaan,ishaan@example.com,"Nature, Adventure",Male,1,0,1,0,,0.0,New
792,Hitesh,hitesh@example.com,"City, Historical",Male,1,0,1,0,City,1.0,Occasional
793,Ritvik,ritvik@example.com,"Beaches, Historical",Male,2,2,4,1,Beach,1.0,Occasional
794,Meera,meera@example.com,"Nature, Adventure",Female,2,1,3,1,City,1.0,Occasional
795,Karan,karan@example.com,"City, Historical",Male,1,0,1,0,,0.0,New
796,Aanya,aanya@example.com,"Beaches, Historical",Female,1,0,1,0,,0.0,New
797,Tanvi,tanvi@example.com,"Nature, Adventure",Female,1,0,1,0,City,2.0,Occasional
798,Rohan,rohan@example.com,"City, Historical",Male,2,1,3,1,Adventure,2.0,Occasional
799,Riya,riya@example.com,"Beaches, Historical",Female,1,2,3,1,Adventure,4.0,Regular
800,Anika,anika@example.com,"Nature, Adventure",Female,1,2,3,1,City,2.0,Occasional
801,Isha,isha@example.com,"City, Historical",Female,2,0,2,0,Nature,1.0,Occasional
802,Karan,karan@example.com,"Beaches, Historical",Male,1,0,1,0,,0.0,New
803,Isha,isha@example.com,"Nature, Adventure",Female,2,1,3,1,Adventure,3.0,Occasional
804,Tanvi,tanvi@example.com,"City, Historical",Female,1,0,1,0,,0.0,New
805,Ishaan,ishaan@example.com,"Beaches, Historical",Male,1,2,3,1,City,1.0,Occasional
806,Vivaan,vivaan@example.com,"Nature, Adventure",Male,2,1,3,1,Nature,1.0,Occasional
807,Kavya,kavya@example.com,"City, Historical",Female,2,1,3,1,,0.0,New
808,Riya,riya@example.com,"Beaches, Historical",Female,1,0,1,0,,0.0,New
809,Rohan,rohan@example.com,"Nature, Adventure",Male,1,2,3,1,City,2.0,Occasional
810,Pooja,pooja@example.com,"City, Historical",Female,2,1,3,1,,0.0,New
811,Rohan,rohan@example.com,"Beaches, Historical",Male,2,1,3,1,Nature,1.0,Occasional
812,Dhruv,dhruv@example.com,"Nature, Adventure",Male,2,0,2,0,City,1.0,Occasional
813,Aditya,aditya@example.com,"City, Historical",Male,1,2,3,1,Historical,1.0,Occasional
814,Aditya,aditya@example.com,"Beaches, Historical",Male,1,2,3,1,Beach,3.0,Occasional
815,Aarav,aarav@example.com,"Nature, Adventure",Male,1,1,2,1,Historical,1.0,Occasional
816,Hitesh,hitesh@example.com,"City, Historical",Male,1,2,3,1,,0.0,New
817,Diya,diya@example.com,"Beaches, Historical",Female,1,0,1,0,,0.0,New
818,Riya,riya@example.com,"Nature, Adventure",Female,2,0,2,0,,0.0,New
819,Meera,meera@example.com,"City, Historical",Female,1,1,2,1,Nature,1.0,Occasional
820,Aarav,aarav@example.com,"Beaches, Historical",Male,1,1,2,1,,0.0,New
821,Arjun,arjun@example.com,"Nature, Adventure",Male,1,2,3,1,Adventure,2.0,Occasional
822,Saanvi,saanvi@example.com,"City, Historical",Female,1,0,1,0,,0.0,New
823,Pooja,pooja@example.com,"Beaches, Historical",Female,1,2,3,1,Nature,2.0,Occasional
824,Ishaan,ishaan@example.com,"Nature, Adventure",Male,2,2,4,1,Historical,1.0,Occasional
825,Riya,riya@example.com,"City, Historical",Female,2,1,3,1,,0.0,New
826,Diya,diya@example.com,"Beaches, Historical",Female,2,0,2,0,City,1.0,Occasional
827,Rohan,rohan@example.com,"Nature, Adventure",Male,2,0,2,0,Historical,1.0,Occasional
828,Pooja,pooja@example.com,"City, Historical",Female,2,2,4,1,Nature,1.0,Occasional
829,Kavya,kavya@example.com,"Beaches, Historical",Female,1,0,1,0,Historical,1.0,Occasional
830,Arjun,arjun@example.com,"Nature, Adventure",Male,1,0,1,0,City,1.0,Occasional
831,Pooja,pooja@example.com,"City, Historical",Female,2,2,4,1,City,1.0,Occasional
832,Meera,meera@example.com,"Beaches, Historical",Female,2,1,3,1,Beach,1.0,Occasional
833,Kavya,kavya@example.com,"Nature, Adventure",Female,2,1,3,1,City,1.0,Occasional
834,Vivaan,vivaan@example.com,"City, Historical",Male,2,1,3,1,Adventure,4.0,Regular
835,Meera,meera@example.com,"Beaches, Historical",Female,2,2,4,1,City,2.0,Occasional
836,Pooja,pooja@example.com,"Nature, Adventure",Female,2,0,2,0,,0.0,New
837,Meera,meera@example.com,"City, Historical",Female,2,2,4,1,Beach,2.0,Occasional
838,Saanvi,saanvi@example.com,"Beaches, Historical",Female,2,2,4,1,Adventure,1.0,Occasional
839,Kavya,kavya@example.com,"Nature, Adventure",Female,1,1,2,1,,0.0,New
840,Diya,diya@example.com,"City, Historical",Female,1,0,1,0,City,1.0,Occasional
841,Saanvi,saanvi@example.com,"Beaches, Historical",Female,1,1,2,1,,0.0,New
842,Ishaan,ishaan@example.com,"Nature, Adventure",Male,2,0,2,0,,0.0,New
843,Dhruv,dhruv@example.com,"City, Historical",Male,2,0,2,0,Historical,1.0,Occasional
844,Aditya,aditya@example.com,"Beaches, Historical",Male,2,1,3,1,Historical,1.0,Occasional
845,Anika,anika@example.com,"Nature, Adventure",Female,2,1,3,1,,0.0,New
846,Vivaan,vivaan@example.com,"City, Historical",Male,1,2,3,1,Nature,2.0,Occasional
847,Kavya,kavya@example.com,"Beaches, Historical",Female,1,0,1,0,Historical,1.0,Occasional
848,Riya,riya@example.com,"Nature, Adventure",Female,2,0,2,0,,0.0,New
849,Tanvi,tanvi@example.com,"City, Historical",Female,1,0,1,0,Historical,2.0,Occasional
850,Hitesh,hitesh@example.com,"Beaches, Historical",Male,2,0,2,0,Historical,2.0,Occasional
851,Anika,anika@example.com,"Nature, Adventure",Female,2,0,2,0,Historical,3.0,Occasional
852,Dhruv,dhruv@example.com,"City, Historical",Male,2,2,4,1,Nature,2.0,Occasional
853,Vivaan,vivaan@example.com,"Beaches, Historical",Male,2,0,2,0,,0.0,New
854,Meera,meera@example.com,"Nature, Adventure",Female,2,2,4,1,,0.0,New
855,Pooja,pooja@example.com,"City, Historical",Female,1,1,2,1,Adventure,2.0,Occasional
856,Aanya,aanya@example.com,"Beaches, Historical",Female,1,2,3,1,,0.0,New
857,Hitesh,hitesh@example.com,"Nature, Adventure",Male,1,2,3,1,,0.0,New
858,Rohan,rohan@example.com,"City, Historical",Male,1,2,3,1,Adventure,1.0,Occasional
859,Dhruv,dhruv@example.com,"Beaches, Historical",Male,2,1,3,1,Adventure,3.0,Occasional
860,Vivaan,vivaan@example.com,"Nature, Adventure",Male,1,0,1,0,,0.0,New
861,Dhruv,dhruv@example.com,"City, Historical",Male,1,2,3,1,,0.0,New
862,Arjun,arjun@example.com,"Beaches, Historical",Male,1,1,2,1,Adventure,2.0,Occasional
863,Aarav,aarav@example.com,"Nature, Adventure",Male,1,2,3,1,Adventure,1.0,Occasional
864,Riya,riya@example.com,"City, Historical",Female,2,2,4,1,Adventure,1.0,Occasional
865,Aditya,aditya@example.com,"Beaches, Historical",Male,2,1,3,1,Adventure,1.0,Occasional
866,Ritvik,ritvik@example.com,"Nature, Adventure",Male,2,2,4,1,Nature,1.0,Occasional
867,Vivaan,vivaan@example.com,"City, Historical",Male,2,2,4,1,,0.0,New
868,Pooja,pooja@example.com,"Beaches, Historical",Female,2,0,2,0,Nature,4.0,Regular
869,Karan,karan@example.com,"Nature, Adventure",Male,1,1,2,1,Beach,2.0,Occasional
870,Diya,diya@example.com,"City, Historical",Female,2,2,4,1,Nature,1.0,Occasional
871,Arjun,arjun@example.com,"Beaches, Historical",Male,1,1,2,1,Adventure,1.0,Occasional
872,Hitesh,hitesh@example.com,"Nature, Adventure",Male,1,1,2,1,Beach,1.0,Occasional
873,Anika,anika@example.com,"City, Historical",Female,2,0,2,0,Adventure,1.0,Occasional
874,Hitesh,hitesh@example.com,"Beaches, Historical",Male,2,0,2,0,Adventure,2.0,Occasional
875,Hitesh,hitesh@example.com,"Nature, Adventure",Male,2,0,2,0,Adventure,1.0,Occasional
876,Ritvik,ritvik@example.com,"City, Historical",Male,2,2,4,1,Beach,2.0,Occasional
877,Aanya,aanya@example.com,"Beaches, Historical",Female,2,2,4,1,,0.0,New
878,Meera,meera@example.com,"Nature, Adventure",Female,1,2,3,1,Beach,5.0,Regular
879,Anika,anika@example.com,"City, Historical",Female,1,2,3,1,,0.0,New
880,Ritvik,ritvik@example.com,"Beaches, Historical",Male,2,2,4,1,,0.0,New
881,Rohan,rohan@example.com,"Nature, Adventure",Male,1,2,3,1,,0.0,New
882,Vivaan,vivaan@example.com,"City, Historical",Male,1,1,2,1,Nature,1.0,Occasional
883,Aanya,aanya@example.com,"Beaches, Historical",Female,2,1,3,1,Historical,1.0,Occasional
884,Ritvik,ritvik@example.com,"Nature, Adventure",Male,2,0,2,0,,0.0,New
885,Hitesh,hitesh@example.com,"City, Historical",Male,2,2,4,1,,0.0,New
886,Ritvik,ritvik@example.com,"Beaches, Historical",Male,1,1,2,1,,0.0,New
887,Pooja,pooja@example.com,"Nature, Adventure",Female,1,0,1,0,City,1.0,Occasional
888,Riya,riya@example.com,"City, Historical",Female,2,0,2,0,Adventure,3.0,Occasional
889,Karan,karan@example.com,"Beaches, Historical",Male,2,0,2,0,,0.0,New
890,Ishaan,ishaan@example.com,"Nature, Adventure",Male,1,0,1,0,Adventure,1.0,Occasional
891,Karan,karan@example.com,"City, Historical",Male,1,1,2,1,Adventure,2.0,Occasional
892,Anika,anika@example.com,"Beaches, Historical",Female,1,1,2,1,,0.0,New
893,Ishaan,ishaan@example.com,"Nature, Adventure",Male,2,1,3,1,Historical,1.0,Occasional
894,Isha,isha@example.com,"City, Historical",Female,2,0,2,0,,0.0,New
895,Saanvi,saanvi@example.com,"Beaches, Historical",Female,1,0,1,0,,0.0,New
896,Diya,diya@example.com,"Nature, Adventure",Female,2,2,4,1,Nature,1.0,Occasional
897,Pooja,pooja@example.com,"City, Historical",Female,1,2,3,1,Historical,2.0,Occasional
898,Pooja,pooja@example.com,"Beaches, Historical",Female,2,0,2,0,Historical,1.0,Occasional
899,Anika,anika@example.com,"Nature, Adventure",Female,1,1,2,1,Nature,1.0,Occasional
900,Aanya,aanya@example.com,"City, Historical",Female,2,0,2,0,,0.0,New
901,Aanya,aanya@example.com,"Beaches, Historical",Female,2,2,4,1,,0.0,New
902,Anika,anika@example.com,"Nature, Adventure",Female,2,2,4,1,Historical,3.0,Occasional
903,Hitesh,hitesh@example.com,"City, Historical",Male,2,1,3,1,Historical,1.0,Occasional
904,Rohan,rohan@example.com,"Beaches, Historical",Male,1,0,1,0,Historical,4.0,Regular
905,Anika,anika@example.com,"Nature, Adventure",Female,1,2,3,1,Beach,1.0,Occasional
906,Arjun,arjun@example.com,"City, Historical",Male,1,1,2,1,Adventure,2.0,Occasional
907,Saanvi,saanvi@example.com,"Beaches, Historical",Female,2,2,4,1,Beach,1.0,Occasional
908,Anika,anika@example.com,"Nature, Adventure",Female,2,1,3,1,,0.0,New
909,Karan,karan@example.com,"City, Historical",Male,2,2,4,1,,0.0,New
910,Arjun,arjun@example.com,"Beaches, Historical",Male,2,2,4,1,,0.0,New
911,Riya,riya@example.com,"Nature, Adventure",Female,1,0,1,0,,0.0,New
912,Aarav,aarav@example.com,"City, Historical",Male,1,1,2,1,Historical,1.0,Occasional
913,Dhruv,dhruv@example.com,"Beaches, Historical",Male,1,1,2,1,Historical,2.0,Occasional
914,Dhruv,dhruv@example.com,"Nature, Adventure",Male,1,2,3,1,,0.0,New
915,Ishaan,ishaan@example.com,"City, Historical",Male,1,0,1,0,Nature,1.0,Occasional
916,Pooja,pooja@example.com,"Beaches, Historical",Female,1,2,3,1,Beach,2.0,Occasional
917,Anika,anika@example.com,"Nature, Adventure",Female,2,2,4,1,Historical,1.0,Occasional
918,Aditya,aditya@example.com,"City, Historical",Male,2,2,4,1,,0.0,New
919,Aanya,aanya@example.com,"Beaches, Historical",Female,1,1,2,1,City,1.0,Occasional
920,Riya,riya@example.com,"Nature, Adventure",Female,2,0,2,0,,0.0,New
921,Dhruv,dhruv@example.com,"City, Historical",Male,1,2,3,1,,0.0,New
922,Karan,karan@example.com,"Beaches, Historical",Male,1,2,3,1,,0.0,New
923,Isha,isha@example.com,"Nature, Adventure",Female,2,2,4,1,Adventure,3.0,Occasional
924,Tanvi,tanvi@example.com,"City, Historical",Female,1,1,2,1,Beach,1.0,Occasional
925,Ritvik,ritvik@example.com,"Beaches, Historical",Male,2,2,4,1,City,1.0,Occasional
926,Aanya,aanya@example.com,"Nature, Adventure",Female,1,1,2,1,,0.0,New
927,Ishaan,ishaan@example.com,"City, Historical",Male,1,1,2,1,,0.0,New
928,Riya,riya@example.com,"Beaches, Historical",Female,1,1,2,1,Adventure,3.0,Occasional
929,Aarav,aarav@example.com,"Nature, Adventure",Male,1,1,2,1,Adventure,1.0,Occasional
930,Aarav,aarav@example.com,"City, Historical",Male,2,1,3,1,City,2.0,Occasional
931,Arjun,arjun@example.com,"Beaches, Historical",Male,1,0,1,0,Beach,1.0,Occasional
932,Tanvi,tanvi@example.com,"Nature, Adventure",Female,1,1,2,1,Adventure,1.0,Occasional
933,Vivaan,vivaan@example.com,"City, Historical",Male,2,1,3,1,,0.0,New
934,Saanvi,saanvi@example.com,"Beaches, Historical",Female,2,2,4,1,Historical,4.0,Regular
935,Anika,anika@example.com,"Nature, Adventure",Female,1,0,1,0,,0.0,New
936,Aditya,aditya@example.com,"City, Historical",Male,1,0,1,0,Adventure,3.0,Occasional
937,Riya,riya@example.com,"Beaches, Historical",Female,2,2,4,1,Beach,1.0,Occasional
938,Anika,anika@example.com,"Nature, Adventure",Female,1,1,2,1,,0.0,New
939,Anika,anika@example.com,"City, Historical",Female,2,0,2,0,Nature,1.0,Occasional
940,Anika,anika@example.com,"Beaches, Historical",Female,1,1,2,1,Historical,1.0,Occasional
941,Aditya,aditya@example.com,"Nature, Adventure",Male,2,2,4,1,Historical,1.0,Occasional
942,Vivaan,vivaan@example.com,"City, Historical",Male,1,0,1,0,Nature,2.0,Occasional
943,Hitesh,hitesh@example.com,"Beaches, Historical",Male,2,1,3,1,Adventure,2.0,Occasional
944,Riya,riya@example.com,"Nature, Adventure",Female,2,0,2,0,Beach,4.0,Regular
945,Dhruv,dhruv@example.com,"City, Historical",Male,2,0,2,0,Nature,1.0,Occasional
946,Aarav,aarav@example.com,"Beaches, Historical",Male,1,1,2,1,,0.0,New
947,Pooja,pooja@example.com,"Nature, Adventure",Female,2,1,3,1,,0.0,New
948,Hitesh,hitesh@example.com,"City, Historical",Male,1,0,1,0,Adventure,1.0,Occasional
949,Riya,riya@example.com,"Beaches, Historical",Female,2,2,4,1,Nature,1.0,Occasional
950,Aarav,aarav@example.com,"Nature, Adventure",Male,2,0,2,0,Beach,1.0,Occasional
951,Karan,karan@example.com,"City, Historical",Male,1,2,3,1,Nature,2.0,Occasional
952,Saanvi,saanvi@example.com,"Beaches, Historical",Female,1,0,1,0,,0.0,New
953,Riya,riya@example.com,"Nature, Adventure",Female,1,1,2,1,Historical,1.0,Occasional
954,Vivaan,vivaan@example.com,"City, Historical",Male,2,2,4,1,City,3.0,Occasional
955,Aanya,aanya@example.com,"Beaches, Historical",Female,2,2,4,1,,0.0,New
956,Hitesh,hitesh@example.com,"Nature, Adventure",Male,1,0,1,0,Beach,1.0,Occasional
957,Saanvi,saanvi@example.com,"City, Historical",Female,1,0,1,0,Nature,1.0,Occasional
958,Aarav,aarav@example.com,"Beaches, Historical",Male,1,2,3,1,,0.0,New
959,Ritvik,ritvik@example.com,"Nature, Adventure",Male,1,1,2,1,Adventure,1.0,Occasional
960,Ritvik,ritvik@example.com,"City, Historical",Male,1,2,3,1,,0.0,New
961,Isha,isha@example.com,"Beaches, Historical",Female,1,2,3,1,Adventure,1.0,Occasional
962,Saanvi,saanvi@example.com,"Nature, Adventure",Female,2,1,3,1,Adventure,2.0,Occasional
963,Ritvik,ritvik@example.com,"City, Historical",Male,1,1,2,1,,0.0,New
964,Saanvi,saanvi@example.com,"Beaches, Historical",Female,1,0,1,0,City,2.0,Occasional
965,Hitesh,hitesh@example.com,"Nature, Adventure",Male,1,0,1,0,,0.0,New
966,Riya,riya@example.com,"City, Historical",Female,1,0,1,0,City,1.0,Occasional
967,Pooja,pooja@example.com,"Beaches, Historical",Female,2,1,3,1,,0.0,New
968,Diya,diya@example.com,"Nature, Adventure",Female,1,2,3,1,Beach,2.0,Occasional
969,Aditya,aditya@example.com,"City, Historical",Male,1,1,2,1,,0.0,New
970,Tanvi,tanvi@example.com,"Beaches, Historical",Female,1,0,1,0,Adventure,1.0,Occasional
971,Diya,diya@example.com,"Nature, Adventure",Female,2,2,4,1,Beach,1.0,Occasional
972,Kavya,kavya@example.com,"City, Historical",Female,2,0,2,0,City,1.0,Occasional
973,Kavya,kavya@example.com,"Beaches, Historical",Female,1,2,3,1,City,1.0,Occasional
974,Vivaan,vivaan@example.com,"Nature, Adventure",Male,2,1,3,1,,0.0,New
975,Tanvi,tanvi@example.com,"City, Historical",Female,1,0,1,0,City,1.0,Occasional
976,Aditya,aditya@example.com,"Beaches, Historical",Male,1,1,2,1,City,2.0,Occasional
977,Vivaan,vivaan@example.com,"Nature, Adventure",Male,1,1,2,1,Adventure,1.0,Occasional
978,Pooja,pooja@example.com,"City, Historical",Female,2,1,3,1,Adventure,4.0,Regular
979,Rohan,rohan@example.com,"Beaches, Historical",Male,1,2,3,1,City,1.0,Occasional
980,Kavya,kavya@example.com,"Nature, Adventure",Female,1,1,2,1,,0.0,New
981,Dhruv,dhruv@example.com,"City, Historical",Male,1,1,2,1,,0.0,New
982,Meera,meera@example.com,"Beaches, Historical",Female,2,2,4,1,Nature,1.0,Occasional
983,Karan,karan@example.com,"Nature, Adventure",Male,2,1,3,1,,0.0,New
984,Dhruv,dhruv@example.com,"City, Historical",Male,2,1,3,1,,0.0,New
985,Aditya,aditya@example.com,"Beaches, Historical",Male,1,1,2,1,City,1.0,Occasional
986,Aanya,aanya@example.com,"Nature, Adventure",Female,1,2,3,1,,0.0,New
987,Meera,meera@example.com,"City, Historical",Female,2,2,4,1,Nature,1.0,Occasional
988,Dhruv,dhruv@example.com,"Beaches, Historical",Male,1,0,1,0,,0.0,New
989,Ritvik,ritvik@example.com,"Nature, Adventure",Male,2,1,3,1,Nature,2.0,Occasional
990,Diya,diya@example.com,"City, Historical",Female,2,2,4,1,Historical,1.0,Occasional
991,Tanvi,tanvi@example.com,"Beaches, Historical",Female,1,1,2,1,Historical,1.0,Occasional
992,Karan,karan@example.com,"Nature, Adventure",Male,1,2,3,1,Beach,3.0,Occasional
993,Ritvik,ritvik@example.com,"City, Historical",Male,1,2,3,1,,0.0,New
994,Ishaan,ishaan@example.com,"Beaches, Historical",Male,1,2,3,1,,0.0,New
995,Karan,karan@example.com,"Nature, Adventure",Male,1,0,1,0,,0.0,New
996,Dhruv,dhruv@example.com,"City, Historical",Male,1,1,2,1,Beach,1.0,Occasional
997,Karan,karan@example.com,"Beaches, Historical",Male,1,2,3,1,,0.0,New
998,Aditya,aditya@example.com,"Nature, Adventure",Male,1,1,2,1,,0.0,New
999,Hitesh,hitesh@example.com,"City, Historical",Male,2,2,4,1,Historical,2.0,Occasional
